Command line invocation:
    /Applications/Xcode_16.4.app/Contents/Developer/usr/bin/xcodebuild test -project PosterWallRegression.xcodeproj -scheme PosterMotionUITests -destination "platform=iOS Simulator,id=F1218AE5-3D29-4CE5-9D0F-6F21CEAA502C" -parallel-testing-enabled NO CODE_SIGNING_ALLOWED=NO

Build settings from command line:
    CODE_SIGNING_ALLOWED = NO

--- xcodebuild: WARNING: Using the first of multiple matching destinations:
{ platform:iOS Simulator, arch:arm64, id:F1218AE5-3D29-4CE5-9D0F-6F21CEAA502C, OS:18.5, name:iPhone 16 Pro Max }
{ platform:iOS Simulator, arch:x86_64, id:F1218AE5-3D29-4CE5-9D0F-6F21CEAA502C, OS:18.5, name:iPhone 16 Pro Max }
ComputePackagePrebuildTargetDependencyGraph

Prepare packages

CreateBuildRequest

SendProjectDescription

CreateBuildOperation

ComputeTargetDependencyGraph
note: Building targets in dependency order
note: Target dependency graph (2 targets)
    Target 'PosterMotionUITests' in project 'PosterWallRegression'
        ➜ Explicit dependency on target 'PosterHost' in project 'PosterWallRegression'
    Target 'PosterHost' in project 'PosterWallRegression' (no dependencies)

GatherProvisioningInputs

CreateBuildDescription

ExecuteExternalTool /Applications/Xcode_16.4.app/Contents/Developer/Toolchains/XcodeDefault.xctoolchain/usr/bin/swiftc --version

ExecuteExternalTool /Applications/Xcode_16.4.app/Contents/Developer/Toolchains/XcodeDefault.xctoolchain/usr/bin/clang -v -E -dM -isysroot /Applications/Xcode_16.4.app/Contents/Developer/Platforms/iPhoneSimulator.platform/Developer/SDKs/iPhoneSimulator18.5.sdk -x c -c /dev/null

ExecuteExternalTool /Applications/Xcode_16.4.app/Contents/Developer/Toolchains/XcodeDefault.xctoolchain/usr/bin/ld -version_details

Build description signature: bbdf6a6a203217f4ffe8d327d7040f66
Build description path: /Users/runner/Library/Developer/Xcode/DerivedData/PosterWallRegression-aoobtyzybpwyjvblexbylmbwiopz/Build/Intermediates.noindex/XCBuildData/bbdf6a6a203217f4ffe8d327d7040f66.xcbuilddata
ClangStatCache /Applications/Xcode_16.4.app/Contents/Developer/Toolchains/XcodeDefault.xctoolchain/usr/bin/clang-stat-cache /Applications/Xcode_16.4.app/Contents/Developer/Platforms/iPhoneSimulator.platform/Developer/SDKs/iPhoneSimulator18.5.sdk /Users/runner/Library/Developer/Xcode/DerivedData/SDKStatCaches.noindex/iphonesimulator18.5-22F76-96ae0914227b19deccb34b33ba7b5dea.sdkstatcache
    cd /Users/runner/work/_temp/PosterWallRegression/PosterWallRegression.xcodeproj
    /Applications/Xcode_16.4.app/Contents/Developer/Toolchains/XcodeDefault.xctoolchain/usr/bin/clang-stat-cache /Applications/Xcode_16.4.app/Contents/Developer/Platforms/iPhoneSimulator.platform/Developer/SDKs/iPhoneSimulator18.5.sdk -o /Users/runner/Library/Developer/Xcode/DerivedData/SDKStatCaches.noindex/iphonesimulator18.5-22F76-96ae0914227b19deccb34b33ba7b5dea.sdkstatcache

ProcessInfoPlistFile /Users/runner/Library/Developer/Xcode/DerivedData/PosterWallRegression-aoobtyzybpwyjvblexbylmbwiopz/Build/Products/Debug-iphonesimulator/PosterHost.app/Info.plist /Users/runner/Library/Developer/Xcode/DerivedData/PosterWallRegression-aoobtyzybpwyjvblexbylmbwiopz/Build/Intermediates.noindex/PosterWallRegression.build/Debug-iphonesimulator/PosterHost.build/empty-PosterHost.plist (in target 'PosterHost' from project 'PosterWallRegression')
    cd /Users/runner/work/_temp/PosterWallRegression
    builtin-infoPlistUtility /Users/runner/Library/Developer/Xcode/DerivedData/PosterWallRegression-aoobtyzybpwyjvblexbylmbwiopz/Build/Intermediates.noindex/PosterWallRegression.build/Debug-iphonesimulator/PosterHost.build/empty-PosterHost.plist -producttype com.apple.product-type.application -genpkginfo /Users/runner/Library/Developer/Xcode/DerivedData/PosterWallRegression-aoobtyzybpwyjvblexbylmbwiopz/Build/Products/Debug-iphonesimulator/PosterHost.app/PkgInfo -expandbuildsettings -format binary -platform iphonesimulator -o /Users/runner/Library/Developer/Xcode/DerivedData/PosterWallRegression-aoobtyzybpwyjvblexbylmbwiopz/Build/Products/Debug-iphonesimulator/PosterHost.app/Info.plist

CopySwiftLibs /Users/runner/Library/Developer/Xcode/DerivedData/PosterWallRegression-aoobtyzybpwyjvblexbylmbwiopz/Build/Products/Debug-iphonesimulator/PosterHost.app (in target 'PosterHost' from project 'PosterWallRegression')
    cd /Users/runner/work/_temp/PosterWallRegression
    builtin-swiftStdLibTool --copy --verbose --scan-executable /Users/runner/Library/Developer/Xcode/DerivedData/PosterWallRegression-aoobtyzybpwyjvblexbylmbwiopz/Build/Products/Debug-iphonesimulator/PosterHost.app/PosterHost.debug.dylib --scan-folder /Users/runner/Library/Developer/Xcode/DerivedData/PosterWallRegression-aoobtyzybpwyjvblexbylmbwiopz/Build/Products/Debug-iphonesimulator/PosterHost.app/Frameworks --scan-folder /Users/runner/Library/Developer/Xcode/DerivedData/PosterWallRegression-aoobtyzybpwyjvblexbylmbwiopz/Build/Products/Debug-iphonesimulator/PosterHost.app/PlugIns --scan-folder /Users/runner/Library/Developer/Xcode/DerivedData/PosterWallRegression-aoobtyzybpwyjvblexbylmbwiopz/Build/Products/Debug-iphonesimulator/PosterHost.app/SystemExtensions --scan-folder /Users/runner/Library/Developer/Xcode/DerivedData/PosterWallRegression-aoobtyzybpwyjvblexbylmbwiopz/Build/Products/Debug-iphonesimulator/PosterHost.app/Extensions --platform iphonesimulator --toolchain /Applications/Xcode_16.4.app/Contents/Developer/Toolchains/XcodeDefault.xctoolchain --destination /Users/runner/Library/Developer/Xcode/DerivedData/PosterWallRegression-aoobtyzybpwyjvblexbylmbwiopz/Build/Products/Debug-iphonesimulator/PosterHost.app/Frameworks --strip-bitcode --strip-bitcode-tool /Applications/Xcode_16.4.app/Contents/Developer/Toolchains/XcodeDefault.xctoolchain/usr/bin/bitcode_strip --emit-dependency-info /Users/runner/Library/Developer/Xcode/DerivedData/PosterWallRegression-aoobtyzybpwyjvblexbylmbwiopz/Build/Intermediates.noindex/PosterWallRegression.build/Debug-iphonesimulator/PosterHost.build/SwiftStdLibToolInputDependencies.dep --filter-for-swift-os
Ignoring --strip-bitcode because --sign was not passed

Validate /Users/runner/Library/Developer/Xcode/DerivedData/PosterWallRegression-aoobtyzybpwyjvblexbylmbwiopz/Build/Products/Debug-iphonesimulator/PosterHost.app (in target 'PosterHost' from project 'PosterWallRegression')
    cd /Users/runner/work/_temp/PosterWallRegression
    builtin-validationUtility /Users/runner/Library/Developer/Xcode/DerivedData/PosterWallRegression-aoobtyzybpwyjvblexbylmbwiopz/Build/Products/Debug-iphonesimulator/PosterHost.app -infoplist-subpath Info.plist

ProcessInfoPlistFile /Users/runner/Library/Developer/Xcode/DerivedData/PosterWallRegression-aoobtyzybpwyjvblexbylmbwiopz/Build/Products/Debug-iphonesimulator/PosterMotionUITests-Runner.app/PlugIns/PosterMotionUITests.xctest/Info.plist /Users/runner/Library/Developer/Xcode/DerivedData/PosterWallRegression-aoobtyzybpwyjvblexbylmbwiopz/Build/Intermediates.noindex/PosterWallRegression.build/Debug-iphonesimulator/PosterMotionUITests.build/empty-PosterMotionUITests.plist (in target 'PosterMotionUITests' from project 'PosterWallRegression')
    cd /Users/runner/work/_temp/PosterWallRegression
    builtin-infoPlistUtility /Users/runner/Library/Developer/Xcode/DerivedData/PosterWallRegression-aoobtyzybpwyjvblexbylmbwiopz/Build/Intermediates.noindex/PosterWallRegression.build/Debug-iphonesimulator/PosterMotionUITests.build/empty-PosterMotionUITests.plist -producttype com.apple.product-type.bundle.ui-testing -expandbuildsettings -format binary -platform iphonesimulator -additionalcontentfile /Users/runner/Library/Developer/Xcode/DerivedData/PosterWallRegression-aoobtyzybpwyjvblexbylmbwiopz/Build/Intermediates.noindex/PosterWallRegression.build/Debug-iphonesimulator/PosterMotionUITests.build/ProductTypeInfoPlistAdditions.plist -o /Users/runner/Library/Developer/Xcode/DerivedData/PosterWallRegression-aoobtyzybpwyjvblexbylmbwiopz/Build/Products/Debug-iphonesimulator/PosterMotionUITests-Runner.app/PlugIns/PosterMotionUITests.xctest/Info.plist

CopySwiftLibs /Users/runner/Library/Developer/Xcode/DerivedData/PosterWallRegression-aoobtyzybpwyjvblexbylmbwiopz/Build/Products/Debug-iphonesimulator/PosterMotionUITests-Runner.app/PlugIns/PosterMotionUITests.xctest (in target 'PosterMotionUITests' from project 'PosterWallRegression')
    cd /Users/runner/work/_temp/PosterWallRegression
    builtin-swiftStdLibTool --copy --verbose --scan-executable /Users/runner/Library/Developer/Xcode/DerivedData/PosterWallRegression-aoobtyzybpwyjvblexbylmbwiopz/Build/Products/Debug-iphonesimulator/PosterMotionUITests-Runner.app/PlugIns/PosterMotionUITests.xctest/PosterMotionUITests --scan-folder /Users/runner/Library/Developer/Xcode/DerivedData/PosterWallRegression-aoobtyzybpwyjvblexbylmbwiopz/Build/Products/Debug-iphonesimulator/PosterMotionUITests-Runner.app/PlugIns/PosterMotionUITests.xctest/Frameworks --scan-folder /Users/runner/Library/Developer/Xcode/DerivedData/PosterWallRegression-aoobtyzybpwyjvblexbylmbwiopz/Build/Products/Debug-iphonesimulator/PosterMotionUITests-Runner.app/PlugIns/PosterMotionUITests.xctest/PlugIns --scan-folder /Users/runner/Library/Developer/Xcode/DerivedData/PosterWallRegression-aoobtyzybpwyjvblexbylmbwiopz/Build/Products/Debug-iphonesimulator/PosterMotionUITests-Runner.app/PlugIns/PosterMotionUITests.xctest/SystemExtensions --scan-folder /Users/runner/Library/Developer/Xcode/DerivedData/PosterWallRegression-aoobtyzybpwyjvblexbylmbwiopz/Build/Products/Debug-iphonesimulator/PosterMotionUITests-Runner.app/PlugIns/PosterMotionUITests.xctest/Extensions --platform iphonesimulator --toolchain /Applications/Xcode_16.4.app/Contents/Developer/Toolchains/XcodeDefault.xctoolchain --destination /Users/runner/Library/Developer/Xcode/DerivedData/PosterWallRegression-aoobtyzybpwyjvblexbylmbwiopz/Build/Products/Debug-iphonesimulator/PosterMotionUITests-Runner.app/PlugIns/PosterMotionUITests.xctest/Frameworks --strip-bitcode --scan-executable /Applications/Xcode_16.4.app/Contents/Developer/Platforms/iPhoneSimulator.platform/Developer/usr/lib/libXCTestSwiftSupport.dylib --strip-bitcode-tool /Applications/Xcode_16.4.app/Contents/Developer/Toolchains/XcodeDefault.xctoolchain/usr/bin/bitcode_strip --emit-dependency-info /Users/runner/Library/Developer/Xcode/DerivedData/PosterWallRegression-aoobtyzybpwyjvblexbylmbwiopz/Build/Intermediates.noindex/PosterWallRegression.build/Debug-iphonesimulator/PosterMotionUITests.build/SwiftStdLibToolInputDependencies.dep --filter-for-swift-os
Ignoring --strip-bitcode because --sign was not passed

note: Removed stale file '/Users/runner/Library/Developer/Xcode/DerivedData/PosterWallRegression-aoobtyzybpwyjvblexbylmbwiopz/Build/Products/Debug-iphonesimulator/PosterHost.app/Frameworks'

note: Removed stale file '/Users/runner/Library/Developer/Xcode/DerivedData/PosterWallRegression-aoobtyzybpwyjvblexbylmbwiopz/Build/Products/Debug-iphonesimulator/PosterHost.app/PlugIns'

2026-10-08 08:46:44.348270+0000 PosterMotionUITests-Runner[18853:59100] [Default] Running tests...
2026-10-08 08:46:44.375717+0000 PosterMotionUITests-Runner[18853:59156] [General] Failed to send CA Event for app launch measurements for ca_event_type: 0 event_name: com.apple.app_launch_measurement.FirstFramePresentationMetric
2026-10-08 08:46:44.471940+0000 PosterMotionUITests-Runner[18853:59160] [General] Failed to send CA Event for app launch measurements for ca_event_type: 1 event_name: com.apple.app_launch_measurement.ExtendedLaunchMetrics
    t =      nans Interface orientation changed to Portrait
Test Suite 'All tests' started at 2026-10-08 08:46:49.997.
Test Suite 'PosterMotionUITests.xctest' started at 2026-10-08 08:46:49.998.
Test Suite 'PosterMotionUITests' started at 2026-10-08 08:46:49.999.
Test Case '-[PosterMotionUITests.PosterMotionUITests testCancelledSystemPopThenBackRetainsProductionLibrary]' started.
    t =     0.00s Start Test at 2026-10-08 08:46:50.000
    t =     0.71s Set Up
    t =     0.73s Open com.oneplayer.poster-host
    t =     0.73s     Launch com.oneplayer.poster-host
    t =     3.99s         Setting up automation session
    t =     5.69s         Wait for com.oneplayer.poster-host to idle
    t =     7.75s Waiting 10.0s for CollectionView (First Match) to exist
    t =     8.76s     Checking `Expect predicate `existsNoRetry == 1` for object CollectionView (First Match)`
    t =     8.76s         Checking existence of `CollectionView (First Match)`
    t =     8.84s Swipe up CollectionView (First Match)
    t =     8.84s     Wait for com.oneplayer.poster-host to idle
    t =     8.84s     Find the CollectionView (First Match)
    t =     8.88s     Check for interrupting elements affecting "poster-wall" CollectionView
    t =     8.97s     Synthesize event
    t =     9.53s     Wait for com.oneplayer.poster-host to idle
    t =    11.60s Swipe up "poster-wall" CollectionView
    t =    11.60s     Wait for com.oneplayer.poster-host to idle
    t =    11.60s     Find the "poster-wall" CollectionView
    t =    11.64s     Check for interrupting elements affecting "poster-wall" CollectionView
    t =    11.67s     Synthesize event
    t =    12.10s     Wait for com.oneplayer.poster-host to idle
    t =    14.18s Swipe up "poster-wall" CollectionView
    t =    14.18s     Wait for com.oneplayer.poster-host to idle
    t =    14.18s     Find the "poster-wall" CollectionView
    t =    14.21s     Check for interrupting elements affecting "poster-wall" CollectionView
    t =    14.24s     Synthesize event
    t =    14.66s     Wait for com.oneplayer.poster-host to idle
    t =    16.73s Swipe up "poster-wall" CollectionView
    t =    16.73s     Wait for com.oneplayer.poster-host to idle
    t =    16.74s     Find the "poster-wall" CollectionView
    t =    16.76s     Check for interrupting elements affecting "poster-wall" CollectionView
    t =    16.80s     Synthesize event
    t =    17.24s     Wait for com.oneplayer.poster-host to idle
    t =    19.31s Swipe up "poster-wall" CollectionView
    t =    19.31s     Wait for com.oneplayer.poster-host to idle
    t =    19.32s     Find the "poster-wall" CollectionView
    t =    19.35s     Check for interrupting elements affecting "poster-wall" CollectionView
    t =    19.39s     Synthesize event
    t =    19.83s     Wait for com.oneplayer.poster-host to idle
    t =    21.91s Swipe up "poster-wall" CollectionView
    t =    21.91s     Wait for com.oneplayer.poster-host to idle
    t =    21.92s     Find the "poster-wall" CollectionView
    t =    21.95s     Check for interrupting elements affecting "poster-wall" CollectionView
    t =    21.98s     Synthesize event
    t =    22.40s     Wait for com.oneplayer.poster-host to idle
    t =    24.48s Swipe up "poster-wall" CollectionView
    t =    24.48s     Wait for com.oneplayer.poster-host to idle
    t =    24.49s     Find the "poster-wall" CollectionView
    t =    24.54s     Check for interrupting elements affecting "poster-wall" CollectionView
    t =    24.58s     Synthesize event
    t =    25.00s     Wait for com.oneplayer.poster-host to idle
    t =    27.07s Swipe up "poster-wall" CollectionView
    t =    27.07s     Wait for com.oneplayer.poster-host to idle
    t =    27.07s     Find the "poster-wall" CollectionView
    t =    27.10s     Check for interrupting elements affecting "poster-wall" CollectionView
    t =    27.15s     Synthesize event
    t =    27.59s     Wait for com.oneplayer.poster-host to idle
    t =    29.66s Swipe up "poster-wall" CollectionView
    t =    29.66s     Wait for com.oneplayer.poster-host to idle
    t =    29.67s     Find the "poster-wall" CollectionView
    t =    29.69s     Check for interrupting elements affecting "poster-wall" CollectionView
    t =    29.72s     Synthesize event
    t =    30.14s     Wait for com.oneplayer.poster-host to idle
    t =    32.22s Swipe up "poster-wall" CollectionView
    t =    32.22s     Wait for com.oneplayer.poster-host to idle
    t =    32.22s     Find the "poster-wall" CollectionView
    t =    32.26s     Check for interrupting elements affecting "poster-wall" CollectionView
    t =    32.30s     Synthesize event
    t =    32.72s     Wait for com.oneplayer.poster-host to idle
    t =    34.80s Swipe up "poster-wall" CollectionView
    t =    34.80s     Wait for com.oneplayer.poster-host to idle
    t =    34.80s     Find the "poster-wall" CollectionView
    t =    34.83s     Check for interrupting elements affecting "poster-wall" CollectionView
    t =    34.86s     Synthesize event
    t =    35.28s     Wait for com.oneplayer.poster-host to idle
    t =    37.35s Swipe up "poster-wall" CollectionView
    t =    37.35s     Wait for com.oneplayer.poster-host to idle
    t =    37.35s     Find the "poster-wall" CollectionView
    t =    37.38s     Check for interrupting elements affecting "poster-wall" CollectionView
    t =    37.41s     Synthesize event
    t =    37.84s     Wait for com.oneplayer.poster-host to idle
    t =    39.91s Swipe up "poster-wall" CollectionView
    t =    39.91s     Wait for com.oneplayer.poster-host to idle
    t =    39.92s     Find the "poster-wall" CollectionView
    t =    39.95s     Check for interrupting elements affecting "poster-wall" CollectionView
    t =    39.98s     Synthesize event
    t =    40.43s     Wait for com.oneplayer.poster-host to idle
    t =    42.48s Swipe up "poster-wall" CollectionView
    t =    42.48s     Wait for com.oneplayer.poster-host to idle
    t =    42.48s     Find the "poster-wall" CollectionView
    t =    42.52s     Check for interrupting elements affecting "poster-wall" CollectionView
    t =    42.55s     Synthesize event
    t =    42.97s     Wait for com.oneplayer.poster-host to idle
    t =    45.03s Swipe up "poster-wall" CollectionView
    t =    45.03s     Wait for com.oneplayer.poster-host to idle
    t =    45.03s     Find the "poster-wall" CollectionView
    t =    45.08s     Check for interrupting elements affecting "poster-wall" CollectionView
    t =    45.13s     Synthesize event
    t =    45.54s     Wait for com.oneplayer.poster-host to idle
    t =    47.61s Swipe up "poster-wall" CollectionView
    t =    47.61s     Wait for com.oneplayer.poster-host to idle
    t =    47.62s     Find the "poster-wall" CollectionView
    t =    47.65s     Check for interrupting elements affecting "poster-wall" CollectionView
    t =    47.68s     Synthesize event
    t =    48.09s     Wait for com.oneplayer.poster-host to idle
    t =    50.16s Find the Cell (Element at index 0)
    t =    50.20s Tap Cell (Element at index 4)
    t =    50.20s     Wait for com.oneplayer.poster-host to idle
    t =    50.20s     Find the Cell (Element at index 4)
    t =    50.24s     Check for interrupting elements affecting "Movie 148" Cell
    t =    50.28s     Synthesize event
    t =    50.59s     Wait for com.oneplayer.poster-host to idle
    t =    51.03s Waiting 5.0s for "Fixture Detail" NavigationBar to exist
    t =    52.07s     Checking `Expect predicate `existsNoRetry == 1` for object "Fixture Detail" NavigationBar`
    t =    52.07s         Checking existence of `"Fixture Detail" NavigationBar`
    t =    52.09s Find the "return-status" StaticText
    t =    52.10s Press Target Application 'com.oneplayer.poster-host'[0.01, 0.55] for 0.1 seconds, then drag to Target Application 'com.oneplayer.poster-host'[0.12, 0.55] with velocity of 250.00 pixels per second, and then hold for 0.4 seconds 
    t =    52.10s     Wait for com.oneplayer.poster-host to idle
    t =    52.10s     Find the Target Application 'com.oneplayer.poster-host'
    t =    52.12s     Check for interrupting elements affecting "PosterHost" Application
    t =    52.14s     Synthesize event
    t =    52.14s         Find the Target Application 'com.oneplayer.poster-host'
    t =    52.15s         Find the Target Application 'com.oneplayer.poster-host'
    t =    52.17s         Find the Target Application 'com.oneplayer.poster-host'
    t =    52.18s         Find the Target Application 'com.oneplayer.poster-host'
    t =    52.19s         Find the Target Application 'com.oneplayer.poster-host'
    t =    53.05s     Wait for com.oneplayer.poster-host to idle
    t =    53.06s Checking existence of `"Fixture Detail" NavigationBar`
    t =    53.08s Find the "return-status" StaticText
    t =    53.10s Tap Button (Element at index 0)
    t =    53.10s     Wait for com.oneplayer.poster-host to idle
    t =    53.10s     Find the Button (Element at index 0)
    t =    53.12s     Check for interrupting elements affecting "Fixture Library" Button
    t =    53.15s     Synthesize event
    t =    53.45s     Wait for com.oneplayer.poster-host to idle
    t =    53.82s Waiting 5.0s for "Fixture Library" NavigationBar to exist
    t =    54.88s     Checking `Expect predicate `existsNoRetry == 1` for object "Fixture Library" NavigationBar`
    t =    54.88s         Checking existence of `"Fixture Library" NavigationBar`
    t =    54.95s Find the "return-status" StaticText
    t =    55.01s Find the Cell (Element at index 0)
    t =    55.16s Terminate com.oneplayer.poster-host:19207
    t =    56.17s Tear Down
Test Case '-[PosterMotionUITests.PosterMotionUITests testCancelledSystemPopThenBackRetainsProductionLibrary]' passed (56.201 seconds).
Test Case '-[PosterMotionUITests.PosterMotionUITests testFavoritePersonMoreUsesProductionWorksDestinationAndBothParentsReturn]' started.
    t =     0.00s Start Test at 2026-10-08 08:47:46.201
    t =     0.04s Set Up
    t =     0.05s Open com.oneplayer.poster-host
    t =     0.05s     Launch com.oneplayer.poster-host
    t =     0.80s         Setting up automation session
    t =     1.75s         Wait for com.oneplayer.poster-host to idle
    t =     3.05s Waiting 10.0s for CollectionView (First Match) to exist
    t =     4.09s     Checking `Expect predicate `existsNoRetry == 1` for object CollectionView (First Match)`
    t =     4.09s         Checking existence of `CollectionView (First Match)`
    t =     4.15s Swipe up CollectionView (First Match)
    t =     4.15s     Wait for com.oneplayer.poster-host to idle
    t =     4.15s     Find the CollectionView (First Match)
    t =     4.20s     Check for interrupting elements affecting "poster-wall" CollectionView
    t =     4.23s     Synthesize event
    t =     4.65s     Wait for com.oneplayer.poster-host to idle
    t =     6.73s Swipe up "poster-wall" CollectionView
    t =     6.73s     Wait for com.oneplayer.poster-host to idle
    t =     6.73s     Find the "poster-wall" CollectionView
    t =     6.75s     Check for interrupting elements affecting "poster-wall" CollectionView
    t =     6.79s     Synthesize event
    t =     7.21s     Wait for com.oneplayer.poster-host to idle
    t =     9.28s Swipe up "poster-wall" CollectionView
    t =     9.28s     Wait for com.oneplayer.poster-host to idle
    t =     9.28s     Find the "poster-wall" CollectionView
    t =     9.32s     Check for interrupting elements affecting "poster-wall" CollectionView
    t =     9.36s     Synthesize event
    t =     9.79s     Wait for com.oneplayer.poster-host to idle
    t =    11.88s Swipe up "poster-wall" CollectionView
    t =    11.88s     Wait for com.oneplayer.poster-host to idle
    t =    11.88s     Find the "poster-wall" CollectionView
    t =    11.91s     Check for interrupting elements affecting "poster-wall" CollectionView
    t =    11.95s     Synthesize event
    t =    12.38s     Wait for com.oneplayer.poster-host to idle
    t =    14.45s Swipe up "poster-wall" CollectionView
    t =    14.45s     Wait for com.oneplayer.poster-host to idle
    t =    14.45s     Find the "poster-wall" CollectionView
    t =    14.48s     Check for interrupting elements affecting "poster-wall" CollectionView
    t =    14.52s     Synthesize event
    t =    14.94s     Wait for com.oneplayer.poster-host to idle
    t =    17.02s Swipe up "poster-wall" CollectionView
    t =    17.02s     Wait for com.oneplayer.poster-host to idle
    t =    17.02s     Find the "poster-wall" CollectionView
    t =    17.06s     Check for interrupting elements affecting "poster-wall" CollectionView
    t =    17.10s     Synthesize event
    t =    17.55s     Wait for com.oneplayer.poster-host to idle
    t =    19.62s Find the Cell (Element at index 0)
    t =    19.66s Find the "return-status" StaticText
    t =    19.69s Find the Cell (Element at index 4)
    t =    19.72s Tap Cell (Element at index 4)
    t =    19.72s     Wait for com.oneplayer.poster-host to idle
    t =    19.73s     Find the Cell (Element at index 4)
    t =    19.76s     Check for interrupting elements affecting "Person 64" Cell
    t =    19.80s     Synthesize event
    t =    20.11s     Wait for com.oneplayer.poster-host to idle
    t =    20.50s Waiting 5.0s for "Person 64" NavigationBar to exist
    t =    21.54s     Checking `Expect predicate `existsNoRetry == 1` for object "Person 64" NavigationBar`
    t =    21.54s         Checking existence of `"Person 64" NavigationBar`
    t =    21.60s Swipe up CollectionView (First Match)
    t =    21.60s     Wait for com.oneplayer.poster-host to idle
    t =    21.70s     Find the CollectionView (First Match)
    t =    21.73s     Check for interrupting elements affecting "poster-wall" CollectionView
    t =    21.75s     Synthesize event
    t =    22.17s     Wait for com.oneplayer.poster-host to idle
    t =    24.25s Swipe up "poster-wall" CollectionView
    t =    24.25s     Wait for com.oneplayer.poster-host to idle
    t =    24.25s     Find the "poster-wall" CollectionView
    t =    24.28s     Check for interrupting elements affecting "poster-wall" CollectionView
    t =    24.32s     Synthesize event
    t =    24.77s     Wait for com.oneplayer.poster-host to idle
    t =    26.86s Swipe up "poster-wall" CollectionView
    t =    26.86s     Wait for com.oneplayer.poster-host to idle
    t =    26.87s     Find the "poster-wall" CollectionView
    t =    26.92s     Check for interrupting elements affecting "poster-wall" CollectionView
    t =    26.97s     Synthesize event
    t =    27.40s     Wait for com.oneplayer.poster-host to idle
    t =    29.48s Swipe up "poster-wall" CollectionView
    t =    29.48s     Wait for com.oneplayer.poster-host to idle
    t =    29.48s     Find the "poster-wall" CollectionView
    t =    29.52s     Check for interrupting elements affecting "poster-wall" CollectionView
    t =    29.54s     Synthesize event
    t =    29.96s     Wait for com.oneplayer.poster-host to idle
    t =    32.03s Swipe up "poster-wall" CollectionView
    t =    32.03s     Wait for com.oneplayer.poster-host to idle
    t =    32.03s     Find the "poster-wall" CollectionView
    t =    32.06s     Check for interrupting elements affecting "poster-wall" CollectionView
    t =    32.09s     Synthesize event
    t =    32.50s     Wait for com.oneplayer.poster-host to idle
    t =    34.58s Swipe up "poster-wall" CollectionView
    t =    34.58s     Wait for com.oneplayer.poster-host to idle
    t =    34.58s     Find the "poster-wall" CollectionView
    t =    34.62s     Check for interrupting elements affecting "poster-wall" CollectionView
    t =    34.65s     Synthesize event
    t =    35.07s     Wait for com.oneplayer.poster-host to idle
    t =    37.15s Tap Cell (Element at index 4)
    t =    37.15s     Wait for com.oneplayer.poster-host to idle
    t =    37.16s     Find the Cell (Element at index 4)
    t =    37.23s     Check for interrupting elements affecting "Movie 58" Cell
    t =    37.27s     Synthesize event
    t =    37.58s     Wait for com.oneplayer.poster-host to idle
    t =    37.93s Waiting 5.0s for "Fixture Detail" NavigationBar to exist
    t =    38.96s     Checking `Expect predicate `existsNoRetry == 1` for object "Fixture Detail" NavigationBar`
    t =    38.96s         Checking existence of `"Fixture Detail" NavigationBar`
    t =    38.99s Find the "return-status" StaticText
    t =    39.00s Tap Button (Element at index 0)
    t =    39.00s     Wait for com.oneplayer.poster-host to idle
    t =    39.00s     Find the Button (Element at index 0)
    t =    39.01s     Check for interrupting elements affecting "Person 64" Button
    t =    39.04s     Synthesize event
    t =    39.34s     Wait for com.oneplayer.poster-host to idle
    t =    39.67s Waiting 5.0s for "Person 64" NavigationBar to exist
    t =    40.72s     Checking `Expect predicate `existsNoRetry == 1` for object "Person 64" NavigationBar`
    t =    40.72s         Checking existence of `"Person 64" NavigationBar`
    t =    40.76s Find the "return-status" StaticText
    t =    40.78s Tap Button (Element at index 0)
    t =    40.78s     Wait for com.oneplayer.poster-host to idle
    t =    40.80s     Find the Button (Element at index 0)
    t =    40.82s     Check for interrupting elements affecting "Fixture Results" Button
    t =    40.86s     Synthesize event
    t =    41.17s     Wait for com.oneplayer.poster-host to idle
    t =    41.50s Waiting 5.0s for "Fixture Results" NavigationBar to exist
    t =    42.53s     Checking `Expect predicate `existsNoRetry == 1` for object "Fixture Results" NavigationBar`
    t =    42.53s         Checking existence of `"Fixture Results" NavigationBar`
    t =    42.55s Find the "return-status" StaticText
    t =    42.57s Checking existence of `"Person 64" Cell`
    t =    42.60s Find the Cell (Element at index 0)
    t =    42.64s Terminate com.oneplayer.poster-host:22118
    t =    43.65s Tear Down
Test Case '-[PosterMotionUITests.PosterMotionUITests testFavoritePersonMoreUsesProductionWorksDestinationAndBothParentsReturn]' passed (43.699 seconds).
Test Case '-[PosterMotionUITests.PosterMotionUITests testGenreCoverOpensOriginalGenreResultsAndBothLevelsReturnWithoutReload]' started.
    t =     0.00s Start Test at 2026-10-08 08:48:29.900
    t =     0.03s Set Up
    t =     0.03s Open com.oneplayer.poster-host
    t =     0.03s     Launch com.oneplayer.poster-host
    t =     0.27s         Setting up automation session
    t =     1.46s         Wait for com.oneplayer.poster-host to idle
    t =     2.94s Waiting 10.0s for CollectionView (First Match) to exist
    t =     3.96s     Checking `Expect predicate `existsNoRetry == 1` for object CollectionView (First Match)`
    t =     3.96s         Checking existence of `CollectionView (First Match)`
    t =     4.01s Swipe left ScrollView (First Match)
    t =     4.01s     Wait for com.oneplayer.poster-host to idle
    t =     4.01s     Find the ScrollView (First Match)
    t =     4.07s     Check for interrupting elements affecting ScrollView
    t =     4.11s     Synthesize event
    t =     4.57s     Wait for com.oneplayer.poster-host to idle
    t =     5.01s Tap "类别" Button
    t =     5.01s     Wait for com.oneplayer.poster-host to idle
    t =     5.01s     Find the "类别" Button
    t =     5.06s     Check for interrupting elements affecting "类别" Button
    t =     5.09s     Synthesize event
    t =     5.40s     Wait for com.oneplayer.poster-host to idle
    t =     5.40s Waiting 5.0s for "Fixture Genre" Cell to exist
    t =     6.43s     Checking `Expect predicate `existsNoRetry == 1` for object "Fixture Genre" Cell`
    t =     6.43s         Checking existence of `"Fixture Genre" Cell`
    t =     6.46s Tap "Fixture Genre" Cell
    t =     6.46s     Wait for com.oneplayer.poster-host to idle
    t =     6.46s     Find the "Fixture Genre" Cell
    t =     6.50s     Check for interrupting elements affecting "Fixture Genre" Cell
    t =     6.53s     Synthesize event
    t =     6.83s     Wait for com.oneplayer.poster-host to idle
    t =     7.19s Waiting 5.0s for "Fixture Genre" NavigationBar to exist
    t =     8.19s     Checking `Expect predicate `existsNoRetry == 1` for object "Fixture Genre" NavigationBar`
    t =     8.19s         Checking existence of `"Fixture Genre" NavigationBar`
    t =     8.25s Swipe up CollectionView (First Match)
    t =     8.25s     Wait for com.oneplayer.poster-host to idle
    t =     8.26s     Find the CollectionView (First Match)
    t =     8.28s     Check for interrupting elements affecting "poster-wall" CollectionView
    t =     8.31s     Synthesize event
    t =     8.74s     Wait for com.oneplayer.poster-host to idle
    t =    10.81s Swipe up "poster-wall" CollectionView
    t =    10.81s     Wait for com.oneplayer.poster-host to idle
    t =    10.81s     Find the "poster-wall" CollectionView
    t =    10.84s     Check for interrupting elements affecting "poster-wall" CollectionView
    t =    10.88s     Synthesize event
    t =    11.31s     Wait for com.oneplayer.poster-host to idle
    t =    13.38s Swipe up "poster-wall" CollectionView
    t =    13.38s     Wait for com.oneplayer.poster-host to idle
    t =    13.38s     Find the "poster-wall" CollectionView
    t =    13.43s     Check for interrupting elements affecting "poster-wall" CollectionView
    t =    13.45s     Synthesize event
    t =    13.88s     Wait for com.oneplayer.poster-host to idle
    t =    16.00s Swipe up "poster-wall" CollectionView
    t =    16.00s     Wait for com.oneplayer.poster-host to idle
    t =    16.00s     Find the "poster-wall" CollectionView
    t =    16.03s     Check for interrupting elements affecting "poster-wall" CollectionView
    t =    16.07s     Synthesize event
    t =    16.51s     Wait for com.oneplayer.poster-host to idle
    t =    18.58s Swipe up "poster-wall" CollectionView
    t =    18.58s     Wait for com.oneplayer.poster-host to idle
    t =    18.58s     Find the "poster-wall" CollectionView
    t =    18.62s     Check for interrupting elements affecting "poster-wall" CollectionView
    t =    18.65s     Synthesize event
    t =    19.07s     Wait for com.oneplayer.poster-host to idle
    t =    21.25s Swipe up "poster-wall" CollectionView
    t =    21.25s     Wait for com.oneplayer.poster-host to idle
    t =    21.25s     Find the "poster-wall" CollectionView
    t =    21.29s     Check for interrupting elements affecting "poster-wall" CollectionView
    t =    21.32s     Synthesize event
    t =    21.73s     Wait for com.oneplayer.poster-host to idle
    t =    23.81s Swipe up "poster-wall" CollectionView
    t =    23.81s     Wait for com.oneplayer.poster-host to idle
    t =    23.82s     Find the "poster-wall" CollectionView
    t =    23.88s     Check for interrupting elements affecting "poster-wall" CollectionView
    t =    23.96s     Synthesize event
    t =    24.43s     Wait for com.oneplayer.poster-host to idle
    t =    26.50s Swipe up "poster-wall" CollectionView
    t =    26.50s     Wait for com.oneplayer.poster-host to idle
    t =    26.50s     Find the "poster-wall" CollectionView
    t =    26.53s     Check for interrupting elements affecting "poster-wall" CollectionView
    t =    26.56s     Synthesize event
    t =    26.99s     Wait for com.oneplayer.poster-host to idle
    t =    29.06s Swipe up "poster-wall" CollectionView
    t =    29.06s     Wait for com.oneplayer.poster-host to idle
    t =    29.07s     Find the "poster-wall" CollectionView
    t =    29.10s     Check for interrupting elements affecting "poster-wall" CollectionView
    t =    29.13s     Synthesize event
    t =    29.55s     Wait for com.oneplayer.poster-host to idle
    t =    31.63s Swipe up "poster-wall" CollectionView
    t =    31.63s     Wait for com.oneplayer.poster-host to idle
    t =    31.63s     Find the "poster-wall" CollectionView
    t =    31.67s     Check for interrupting elements affecting "poster-wall" CollectionView
    t =    31.70s     Synthesize event
    t =    32.13s     Wait for com.oneplayer.poster-host to idle
    t =    34.20s Tap Cell (Element at index 4)
    t =    34.20s     Wait for com.oneplayer.poster-host to idle
    t =    34.20s     Find the Cell (Element at index 4)
    t =    34.26s     Check for interrupting elements affecting "Movie 94" Cell
    t =    34.29s     Synthesize event
    t =    34.59s     Wait for com.oneplayer.poster-host to idle
    t =    34.95s Waiting 5.0s for "Fixture Detail" NavigationBar to exist
    t =    36.01s     Checking `Expect predicate `existsNoRetry == 1` for object "Fixture Detail" NavigationBar`
    t =    36.01s         Checking existence of `"Fixture Detail" NavigationBar`
    t =    36.04s Find the "return-status" StaticText
    t =    36.05s Tap Button (Element at index 0)
    t =    36.05s     Wait for com.oneplayer.poster-host to idle
    t =    36.05s     Find the Button (Element at index 0)
    t =    36.07s     Check for interrupting elements affecting "Fixture Genre" Button
    t =    36.09s     Synthesize event
    t =    36.38s     Wait for com.oneplayer.poster-host to idle
    t =    36.73s Waiting 5.0s for "Fixture Genre" NavigationBar to exist
    t =    37.80s     Checking `Expect predicate `existsNoRetry == 1` for object "Fixture Genre" NavigationBar`
    t =    37.80s         Checking existence of `"Fixture Genre" NavigationBar`
    t =    37.86s Find the "return-status" StaticText
    t =    37.89s Tap Button (Element at index 0)
    t =    37.90s     Wait for com.oneplayer.poster-host to idle
    t =    37.90s     Find the Button (Element at index 0)
    t =    37.92s     Check for interrupting elements affecting "Fixture Library" Button
    t =    37.95s     Synthesize event
    t =    38.24s     Wait for com.oneplayer.poster-host to idle
    t =    38.57s Waiting 5.0s for "Fixture Library" NavigationBar to exist
    t =    39.61s     Checking `Expect predicate `existsNoRetry == 1` for object "Fixture Library" NavigationBar`
    t =    39.61s         Checking existence of `"Fixture Library" NavigationBar`
    t =    39.64s Find the "return-status" StaticText
    t =    39.66s Checking existence of `"Fixture Genre" Cell`
    t =    39.69s Terminate com.oneplayer.poster-host:24766
    t =    40.76s Tear Down
Test Case '-[PosterMotionUITests.PosterMotionUITests testGenreCoverOpensOriginalGenreResultsAndBothLevelsReturnWithoutReload]' passed (40.785 seconds).
Test Case '-[PosterMotionUITests.PosterMotionUITests testLibraryPagedTabsDeepNativeReturnKeepsTheirOwnFrontiers]' started.
    t =     0.00s Start Test at 2026-10-08 08:49:10.685
    t =     0.03s Set Up
    t =     0.03s Open com.oneplayer.poster-host
    t =     0.03s     Launch com.oneplayer.poster-host
    t =     3.38s         Setting up automation session
    t =     4.48s         Wait for com.oneplayer.poster-host to idle
    t =     5.95s Waiting 10.0s for CollectionView (First Match) to exist
    t =     6.99s     Checking `Expect predicate `existsNoRetry == 1` for object CollectionView (First Match)`
    t =     6.99s         Checking existence of `CollectionView (First Match)`
    t =     7.04s Swipe left ScrollView (First Match)
    t =     7.04s     Wait for com.oneplayer.poster-host to idle
    t =     7.04s     Find the ScrollView (First Match)
    t =     7.09s     Check for interrupting elements affecting ScrollView
    t =     7.12s     Synthesize event
    t =     7.57s     Wait for com.oneplayer.poster-host to idle
    t =     8.01s Tap "预告片" Button
    t =     8.01s     Wait for com.oneplayer.poster-host to idle
    t =     8.02s     Find the "预告片" Button
    t =     8.06s     Check for interrupting elements affecting "预告片" Button
    t =     8.08s     Synthesize event
    t =     8.38s     Wait for com.oneplayer.poster-host to idle
    t =     8.38s Swipe up CollectionView (First Match)
    t =     8.38s     Wait for com.oneplayer.poster-host to idle
    t =     8.38s     Find the CollectionView (First Match)
    t =     8.41s     Check for interrupting elements affecting "poster-wall" CollectionView
    t =     8.44s     Synthesize event
    t =     8.88s     Wait for com.oneplayer.poster-host to idle
    t =    10.94s Swipe up "poster-wall" CollectionView
    t =    10.94s     Wait for com.oneplayer.poster-host to idle
    t =    10.95s     Find the "poster-wall" CollectionView
    t =    11.09s     Check for interrupting elements affecting "poster-wall" CollectionView
    t =    11.16s     Synthesize event
    t =    11.58s     Wait for com.oneplayer.poster-host to idle
    t =    13.65s Swipe up "poster-wall" CollectionView
    t =    13.65s     Wait for com.oneplayer.poster-host to idle
    t =    13.65s     Find the "poster-wall" CollectionView
    t =    13.71s     Check for interrupting elements affecting "poster-wall" CollectionView
    t =    13.77s     Synthesize event
    t =    14.24s     Wait for com.oneplayer.poster-host to idle
    t =    16.33s Swipe up "poster-wall" CollectionView
    t =    16.33s     Wait for com.oneplayer.poster-host to idle
    t =    16.33s     Find the "poster-wall" CollectionView
    t =    16.50s     Check for interrupting elements affecting "poster-wall" CollectionView
    t =    16.54s     Synthesize event
    t =    16.99s     Wait for com.oneplayer.poster-host to idle
    t =    19.06s Swipe up "poster-wall" CollectionView
    t =    19.06s     Wait for com.oneplayer.poster-host to idle
    t =    19.07s     Find the "poster-wall" CollectionView
    t =    19.10s     Check for interrupting elements affecting "poster-wall" CollectionView
    t =    19.14s     Synthesize event
    t =    19.56s     Wait for com.oneplayer.poster-host to idle
    t =    21.66s Swipe up "poster-wall" CollectionView
    t =    21.66s     Wait for com.oneplayer.poster-host to idle
    t =    21.66s     Find the "poster-wall" CollectionView
    t =    21.70s     Check for interrupting elements affecting "poster-wall" CollectionView
    t =    21.74s     Synthesize event
    t =    22.17s     Wait for com.oneplayer.poster-host to idle
    t =    24.24s Swipe up "poster-wall" CollectionView
    t =    24.24s     Wait for com.oneplayer.poster-host to idle
    t =    24.25s     Find the "poster-wall" CollectionView
    t =    24.28s     Check for interrupting elements affecting "poster-wall" CollectionView
    t =    24.32s     Synthesize event
    t =    24.74s     Wait for com.oneplayer.poster-host to idle
    t =    26.82s Swipe up "poster-wall" CollectionView
    t =    26.82s     Wait for com.oneplayer.poster-host to idle
    t =    26.82s     Find the "poster-wall" CollectionView
    t =    26.87s     Check for interrupting elements affecting "poster-wall" CollectionView
    t =    26.93s     Synthesize event
    t =    27.39s     Wait for com.oneplayer.poster-host to idle
    t =    29.46s Swipe up "poster-wall" CollectionView
    t =    29.46s     Wait for com.oneplayer.poster-host to idle
    t =    29.47s     Find the "poster-wall" CollectionView
    t =    29.52s     Check for interrupting elements affecting "poster-wall" CollectionView
    t =    29.58s     Synthesize event
    t =    30.06s     Wait for com.oneplayer.poster-host to idle
    t =    32.13s Swipe up "poster-wall" CollectionView
    t =    32.13s     Wait for com.oneplayer.poster-host to idle
    t =    32.13s     Find the "poster-wall" CollectionView
    t =    32.18s     Check for interrupting elements affecting "poster-wall" CollectionView
    t =    32.22s     Synthesize event
    t =    32.64s     Wait for com.oneplayer.poster-host to idle
    t =    34.71s Swipe up "poster-wall" CollectionView
    t =    34.71s     Wait for com.oneplayer.poster-host to idle
    t =    34.71s     Find the "poster-wall" CollectionView
    t =    34.76s     Check for interrupting elements affecting "poster-wall" CollectionView
    t =    34.80s     Synthesize event
    t =    35.24s     Wait for com.oneplayer.poster-host to idle
    t =    37.31s Swipe up "poster-wall" CollectionView
    t =    37.31s     Wait for com.oneplayer.poster-host to idle
    t =    37.31s     Find the "poster-wall" CollectionView
    t =    37.35s     Check for interrupting elements affecting "poster-wall" CollectionView
    t =    37.38s     Synthesize event
    t =    37.82s     Wait for com.oneplayer.poster-host to idle
    t =    39.89s Swipe up "poster-wall" CollectionView
    t =    39.89s     Wait for com.oneplayer.poster-host to idle
    t =    39.90s     Find the "poster-wall" CollectionView
    t =    39.94s     Check for interrupting elements affecting "poster-wall" CollectionView
    t =    39.97s     Synthesize event
    t =    40.40s     Wait for com.oneplayer.poster-host to idle
    t =    42.48s Swipe up "poster-wall" CollectionView
    t =    42.48s     Wait for com.oneplayer.poster-host to idle
    t =    42.49s     Find the "poster-wall" CollectionView
    t =    42.54s     Check for interrupting elements affecting "poster-wall" CollectionView
    t =    42.58s     Synthesize event
    t =    43.02s     Wait for com.oneplayer.poster-host to idle
    t =    45.09s Swipe up "poster-wall" CollectionView
    t =    45.09s     Wait for com.oneplayer.poster-host to idle
    t =    45.10s     Find the "poster-wall" CollectionView
    t =    45.16s     Check for interrupting elements affecting "poster-wall" CollectionView
    t =    45.19s     Synthesize event
    t =    45.65s     Wait for com.oneplayer.poster-host to idle
    t =    47.75s Swipe up "poster-wall" CollectionView
    t =    47.75s     Wait for com.oneplayer.poster-host to idle
    t =    47.75s     Find the "poster-wall" CollectionView
    t =    47.79s     Check for interrupting elements affecting "poster-wall" CollectionView
    t =    47.84s     Synthesize event
    t =    48.30s     Wait for com.oneplayer.poster-host to idle
    t =    50.37s Find the Cell (Element at index 0)
    t =    50.46s Tap Cell (Element at index 4)
    t =    50.46s     Wait for com.oneplayer.poster-host to idle
    t =    50.46s     Find the Cell (Element at index 4)
    t =    50.53s     Check for interrupting elements affecting "Trailer 148" Cell
    t =    50.61s     Synthesize event
    t =    50.91s     Wait for com.oneplayer.poster-host to idle
    t =    51.37s Waiting 5.0s for "Fixture Detail" NavigationBar to exist
    t =    52.41s     Checking `Expect predicate `existsNoRetry == 1` for object "Fixture Detail" NavigationBar`
    t =    52.41s         Checking existence of `"Fixture Detail" NavigationBar`
    t =    52.44s Find the "return-status" StaticText
    t =    52.47s Tap Button (Element at index 0)
    t =    52.47s     Wait for com.oneplayer.poster-host to idle
    t =    52.47s     Find the Button (Element at index 0)
    t =    52.50s     Check for interrupting elements affecting "Fixture Library" Button
    t =    52.53s     Synthesize event
    t =    52.83s     Wait for com.oneplayer.poster-host to idle
    t =    53.21s Waiting 5.0s for "Fixture Library" NavigationBar to exist
    t =    54.24s     Checking `Expect predicate `existsNoRetry == 1` for object "Fixture Library" NavigationBar`
    t =    54.24s         Checking existence of `"Fixture Library" NavigationBar`
    t =    54.35s Find the "return-status" StaticText
    t =    54.40s Find the Cell (Element at index 0)
    t =    54.48s Terminate com.oneplayer.poster-host:26477
    t =    55.49s Open com.oneplayer.poster-host
    t =    55.49s     Launch com.oneplayer.poster-host
    t =    56.16s         Setting up automation session
    t =    58.71s         Wait for com.oneplayer.poster-host to idle
    t =    60.80s Waiting 10.0s for CollectionView (First Match) to exist
    t =    61.84s     Checking `Expect predicate `existsNoRetry == 1` for object CollectionView (First Match)`
    t =    61.84s         Checking existence of `CollectionView (First Match)`
    t =    61.93s Swipe left ScrollView (First Match)
    t =    61.93s     Wait for com.oneplayer.poster-host to idle
    t =    61.94s     Find the ScrollView (First Match)
    t =    62.03s     Check for interrupting elements affecting ScrollView
    t =    62.09s     Synthesize event
    t =    62.59s     Wait for com.oneplayer.poster-host to idle
    t =    63.03s Tap "合集" Button
    t =    63.03s     Wait for com.oneplayer.poster-host to idle
    t =    63.04s     Find the "合集" Button
    t =    63.12s     Check for interrupting elements affecting "合集" Button
    t =    63.16s     Synthesize event
    t =    63.51s     Wait for com.oneplayer.poster-host to idle
    t =    63.54s Swipe up CollectionView (First Match)
    t =    63.54s     Wait for com.oneplayer.poster-host to idle
    t =    63.54s     Find the CollectionView (First Match)
    t =    63.61s     Check for interrupting elements affecting "poster-wall" CollectionView
    t =    63.66s     Synthesize event
    t =    64.14s     Wait for com.oneplayer.poster-host to idle
    t =    66.22s Swipe up "poster-wall" CollectionView
    t =    66.22s     Wait for com.oneplayer.poster-host to idle
    t =    66.23s     Find the "poster-wall" CollectionView
    t =    66.29s     Check for interrupting elements affecting "poster-wall" CollectionView
    t =    66.36s     Synthesize event
    t =    66.87s     Wait for com.oneplayer.poster-host to idle
    t =    68.94s Swipe up "poster-wall" CollectionView
    t =    68.94s     Wait for com.oneplayer.poster-host to idle
    t =    68.95s     Find the "poster-wall" CollectionView
    t =    69.02s     Check for interrupting elements affecting "poster-wall" CollectionView
    t =    69.09s     Synthesize event
    t =    69.55s     Wait for com.oneplayer.poster-host to idle
    t =    71.62s Swipe up "poster-wall" CollectionView
    t =    71.62s     Wait for com.oneplayer.poster-host to idle
    t =    71.62s     Find the "poster-wall" CollectionView
    t =    71.69s     Check for interrupting elements affecting "poster-wall" CollectionView
    t =    71.74s     Synthesize event
    t =    72.17s     Wait for com.oneplayer.poster-host to idle
    t =    74.25s Swipe up "poster-wall" CollectionView
    t =    74.25s     Wait for com.oneplayer.poster-host to idle
    t =    74.25s     Find the "poster-wall" CollectionView
    t =    74.29s     Check for interrupting elements affecting "poster-wall" CollectionView
    t =    74.35s     Synthesize event
    t =    74.80s     Wait for com.oneplayer.poster-host to idle
    t =    76.87s Swipe up "poster-wall" CollectionView
    t =    76.87s     Wait for com.oneplayer.poster-host to idle
    t =    76.88s     Find the "poster-wall" CollectionView
    t =    76.96s     Check for interrupting elements affecting "poster-wall" CollectionView
    t =    77.03s     Synthesize event
    t =    77.53s     Wait for com.oneplayer.poster-host to idle
    t =    79.62s Swipe up "poster-wall" CollectionView
    t =    79.62s     Wait for com.oneplayer.poster-host to idle
    t =    79.62s     Find the "poster-wall" CollectionView
    t =    79.69s     Check for interrupting elements affecting "poster-wall" CollectionView
    t =    79.74s     Synthesize event
    t =    80.18s     Wait for com.oneplayer.poster-host to idle
    t =    82.25s Swipe up "poster-wall" CollectionView
    t =    82.25s     Wait for com.oneplayer.poster-host to idle
    t =    82.25s     Find the "poster-wall" CollectionView
    t =    82.29s     Check for interrupting elements affecting "poster-wall" CollectionView
    t =    82.35s     Synthesize event
    t =    82.83s     Wait for com.oneplayer.poster-host to idle
    t =    84.91s Swipe up "poster-wall" CollectionView
    t =    84.91s     Wait for com.oneplayer.poster-host to idle
    t =    84.92s     Find the "poster-wall" CollectionView
    t =    84.98s     Check for interrupting elements affecting "poster-wall" CollectionView
    t =    85.13s     Synthesize event
    t =    85.58s     Wait for com.oneplayer.poster-host to idle
    t =    87.64s Swipe up "poster-wall" CollectionView
    t =    87.65s     Wait for com.oneplayer.poster-host to idle
    t =    87.65s     Find the "poster-wall" CollectionView
    t =    87.68s     Check for interrupting elements affecting "poster-wall" CollectionView
    t =    87.71s     Synthesize event
    t =    88.13s     Wait for com.oneplayer.poster-host to idle
    t =    90.19s Swipe up "poster-wall" CollectionView
    t =    90.19s     Wait for com.oneplayer.poster-host to idle
    t =    90.20s     Find the "poster-wall" CollectionView
    t =    90.24s     Check for interrupting elements affecting "poster-wall" CollectionView
    t =    90.29s     Synthesize event
    t =    90.73s     Wait for com.oneplayer.poster-host to idle
    t =    92.80s Swipe up "poster-wall" CollectionView
    t =    92.80s     Wait for com.oneplayer.poster-host to idle
    t =    92.80s     Find the "poster-wall" CollectionView
    t =    92.86s     Check for interrupting elements affecting "poster-wall" CollectionView
    t =    92.92s     Synthesize event
    t =    93.36s     Wait for com.oneplayer.poster-host to idle
    t =    95.43s Swipe up "poster-wall" CollectionView
    t =    95.43s     Wait for com.oneplayer.poster-host to idle
    t =    95.43s     Find the "poster-wall" CollectionView
    t =    95.48s     Check for interrupting elements affecting "poster-wall" CollectionView
    t =    95.52s     Synthesize event
    t =    95.95s     Wait for com.oneplayer.poster-host to idle
    t =    98.03s Swipe up "poster-wall" CollectionView
    t =    98.03s     Wait for com.oneplayer.poster-host to idle
    t =    98.04s     Find the "poster-wall" CollectionView
    t =    98.10s     Check for interrupting elements affecting "poster-wall" CollectionView
    t =    98.19s     Synthesize event
    t =    98.66s     Wait for com.oneplayer.poster-host to idle
    t =   100.75s Swipe up "poster-wall" CollectionView
    t =   100.75s     Wait for com.oneplayer.poster-host to idle
    t =   100.76s     Find the "poster-wall" CollectionView
    t =   100.81s     Check for interrupting elements affecting "poster-wall" CollectionView
    t =   100.86s     Synthesize event
    t =   101.33s     Wait for com.oneplayer.poster-host to idle
    t =   103.38s Swipe up "poster-wall" CollectionView
    t =   103.38s     Wait for com.oneplayer.poster-host to idle
    t =   103.39s     Find the "poster-wall" CollectionView
    t =   103.41s     Check for interrupting elements affecting "poster-wall" CollectionView
    t =   103.45s     Synthesize event
    t =   103.88s     Wait for com.oneplayer.poster-host to idle
    t =   106.00s Find the Cell (Element at index 0)
    t =   106.06s Tap Cell (Element at index 4)
    t =   106.06s     Wait for com.oneplayer.poster-host to idle
    t =   106.07s     Find the Cell (Element at index 4)
    t =   106.11s     Check for interrupting elements affecting "BoxSet 148" Cell
    t =   106.14s     Synthesize event
    t =   106.44s     Wait for com.oneplayer.poster-host to idle
    t =   106.85s Waiting 5.0s for "Fixture Detail" NavigationBar to exist
    t =   107.88s     Checking `Expect predicate `existsNoRetry == 1` for object "Fixture Detail" NavigationBar`
    t =   107.88s         Checking existence of `"Fixture Detail" NavigationBar`
    t =   107.91s Find the "return-status" StaticText
    t =   107.92s Tap Button (Element at index 0)
    t =   107.92s     Wait for com.oneplayer.poster-host to idle
    t =   107.92s     Find the Button (Element at index 0)
    t =   107.95s     Check for interrupting elements affecting "Fixture Library" Button
    t =   107.97s     Synthesize event
    t =   108.29s     Wait for com.oneplayer.poster-host to idle
    t =   108.64s Waiting 5.0s for "Fixture Library" NavigationBar to exist
    t =   109.67s     Checking `Expect predicate `existsNoRetry == 1` for object "Fixture Library" NavigationBar`
    t =   109.68s         Checking existence of `"Fixture Library" NavigationBar`
    t =   109.73s Find the "return-status" StaticText
    t =   109.80s Find the Cell (Element at index 0)
    t =   109.90s Terminate com.oneplayer.poster-host:29249
    t =   110.97s Open com.oneplayer.poster-host
    t =   110.97s     Launch com.oneplayer.poster-host
    t =   116.10s         Setting up automation session
    t =   117.04s         Wait for com.oneplayer.poster-host to idle
    t =   118.52s Waiting 10.0s for CollectionView (First Match) to exist
    t =   119.57s     Checking `Expect predicate `existsNoRetry == 1` for object CollectionView (First Match)`
    t =   119.57s         Checking existence of `CollectionView (First Match)`
    t =   119.63s Swipe left ScrollView (First Match)
    t =   119.64s     Wait for com.oneplayer.poster-host to idle
    t =   119.64s     Find the ScrollView (First Match)
    t =   119.68s     Check for interrupting elements affecting ScrollView
    t =   119.72s     Synthesize event
    t =   120.21s     Wait for com.oneplayer.poster-host to idle
    t =   120.64s Tap "我的收藏" Button
    t =   120.64s     Wait for com.oneplayer.poster-host to idle
    t =   120.65s     Find the "我的收藏" Button
    t =   120.71s     Check for interrupting elements affecting "我的收藏" Button
    t =   120.75s     Synthesize event
    t =   121.06s     Wait for com.oneplayer.poster-host to idle
    t =   121.06s Swipe up CollectionView (First Match)
    t =   121.06s     Wait for com.oneplayer.poster-host to idle
    t =   121.07s     Find the CollectionView (First Match)
    t =   121.10s     Check for interrupting elements affecting "poster-wall" CollectionView
    t =   121.14s     Synthesize event
    t =   121.57s     Wait for com.oneplayer.poster-host to idle
    t =   123.64s Swipe up "poster-wall" CollectionView
    t =   123.64s     Wait for com.oneplayer.poster-host to idle
    t =   123.65s     Find the "poster-wall" CollectionView
    t =   123.68s     Check for interrupting elements affecting "poster-wall" CollectionView
    t =   123.73s     Synthesize event
    t =   124.15s     Wait for com.oneplayer.poster-host to idle
    t =   126.23s Swipe up "poster-wall" CollectionView
    t =   126.23s     Wait for com.oneplayer.poster-host to idle
    t =   126.23s     Find the "poster-wall" CollectionView
    t =   126.27s     Check for interrupting elements affecting "poster-wall" CollectionView
    t =   126.30s     Synthesize event
    t =   126.72s     Wait for com.oneplayer.poster-host to idle
    t =   128.80s Swipe up "poster-wall" CollectionView
    t =   128.80s     Wait for com.oneplayer.poster-host to idle
    t =   128.80s     Find the "poster-wall" CollectionView
    t =   128.83s     Check for interrupting elements affecting "poster-wall" CollectionView
    t =   128.85s     Synthesize event
    t =   129.27s     Wait for com.oneplayer.poster-host to idle
    t =   131.34s Swipe up "poster-wall" CollectionView
    t =   131.34s     Wait for com.oneplayer.poster-host to idle
    t =   131.35s     Find the "poster-wall" CollectionView
    t =   131.38s     Check for interrupting elements affecting "poster-wall" CollectionView
    t =   131.41s     Synthesize event
    t =   131.84s     Wait for com.oneplayer.poster-host to idle
    t =   133.91s Swipe up "poster-wall" CollectionView
    t =   133.92s     Wait for com.oneplayer.poster-host to idle
    t =   133.92s     Find the "poster-wall" CollectionView
    t =   134.60s     Check for interrupting elements affecting "poster-wall" CollectionView
    t =   134.76s     Synthesize event
    t =   135.42s     Wait for com.oneplayer.poster-host to idle
    t =   137.49s Swipe up "poster-wall" CollectionView
    t =   137.50s     Wait for com.oneplayer.poster-host to idle
    t =   137.50s     Find the "poster-wall" CollectionView
    t =   137.57s     Check for interrupting elements affecting "poster-wall" CollectionView
    t =   137.61s     Synthesize event
    t =   138.04s     Wait for com.oneplayer.poster-host to idle
    t =   140.10s Swipe up "poster-wall" CollectionView
    t =   140.10s     Wait for com.oneplayer.poster-host to idle
    t =   140.10s     Find the "poster-wall" CollectionView
    t =   140.15s     Check for interrupting elements affecting "poster-wall" CollectionView
    t =   140.18s     Synthesize event
    t =   140.61s     Wait for com.oneplayer.poster-host to idle
    t =   142.68s Swipe up "poster-wall" CollectionView
    t =   142.68s     Wait for com.oneplayer.poster-host to idle
    t =   142.69s     Find the "poster-wall" CollectionView
    t =   142.74s     Check for interrupting elements affecting "poster-wall" CollectionView
    t =   142.80s     Synthesize event
    t =   143.27s     Wait for com.oneplayer.poster-host to idle
    t =   145.34s Swipe up "poster-wall" CollectionView
    t =   145.34s     Wait for com.oneplayer.poster-host to idle
    t =   145.35s     Find the "poster-wall" CollectionView
    t =   145.41s     Check for interrupting elements affecting "poster-wall" CollectionView
    t =   145.46s     Synthesize event
    t =   145.90s     Wait for com.oneplayer.poster-host to idle
    t =   147.96s Swipe up "poster-wall" CollectionView
    t =   147.97s     Wait for com.oneplayer.poster-host to idle
    t =   147.97s     Find the "poster-wall" CollectionView
    t =   148.00s     Check for interrupting elements affecting "poster-wall" CollectionView
    t =   148.05s     Synthesize event
    t =   148.50s     Wait for com.oneplayer.poster-host to idle
    t =   150.56s Swipe up "poster-wall" CollectionView
    t =   150.56s     Wait for com.oneplayer.poster-host to idle
    t =   150.57s     Find the "poster-wall" CollectionView
    t =   150.61s     Check for interrupting elements affecting "poster-wall" CollectionView
    t =   150.65s     Synthesize event
    t =   151.09s     Wait for com.oneplayer.poster-host to idle
    t =   153.16s Swipe up "poster-wall" CollectionView
    t =   153.16s     Wait for com.oneplayer.poster-host to idle
    t =   153.16s     Find the "poster-wall" CollectionView
    t =   153.24s     Check for interrupting elements affecting "poster-wall" CollectionView
    t =   153.29s     Synthesize event
    t =   153.74s     Wait for com.oneplayer.poster-host to idle
    t =   155.82s Swipe up "poster-wall" CollectionView
    t =   155.82s     Wait for com.oneplayer.poster-host to idle
    t =   155.82s     Find the "poster-wall" CollectionView
    t =   155.87s     Check for interrupting elements affecting "poster-wall" CollectionView
    t =   155.90s     Synthesize event
    t =   156.33s     Wait for com.oneplayer.poster-host to idle
    t =   158.40s Swipe up "poster-wall" CollectionView
    t =   158.40s     Wait for com.oneplayer.poster-host to idle
    t =   158.40s     Find the "poster-wall" CollectionView
    t =   158.44s     Check for interrupting elements affecting "poster-wall" CollectionView
    t =   158.51s     Synthesize event
    t =   158.95s     Wait for com.oneplayer.poster-host to idle
    t =   161.03s Swipe up "poster-wall" CollectionView
    t =   161.03s     Wait for com.oneplayer.poster-host to idle
    t =   161.04s     Find the "poster-wall" CollectionView
    t =   161.10s     Check for interrupting elements affecting "poster-wall" CollectionView
    t =   161.15s     Synthesize event
    t =   161.60s     Wait for com.oneplayer.poster-host to idle
    t =   163.69s Find the Cell (Element at index 0)
    t =   163.77s Tap Cell (Element at index 4)
    t =   163.77s     Wait for com.oneplayer.poster-host to idle
    t =   163.77s     Find the Cell (Element at index 4)
    t =   163.83s     Check for interrupting elements affecting "Movie 148" Cell
    t =   163.91s     Synthesize event
    t =   164.21s     Wait for com.oneplayer.poster-host to idle
    t =   164.63s Waiting 5.0s for "Fixture Detail" NavigationBar to exist
    t =   165.64s     Checking `Expect predicate `existsNoRetry == 1` for object "Fixture Detail" NavigationBar`
    t =   165.64s         Checking existence of `"Fixture Detail" NavigationBar`
    t =   165.66s Find the "return-status" StaticText
    t =   165.69s Tap Button (Element at index 0)
    t =   165.69s     Wait for com.oneplayer.poster-host to idle
    t =   165.69s     Find the Button (Element at index 0)
    t =   165.73s     Check for interrupting elements affecting "Fixture Library" Button
    t =   165.75s     Synthesize event
    t =   166.06s     Wait for com.oneplayer.poster-host to idle
    t =   166.40s Waiting 5.0s for "Fixture Library" NavigationBar to exist
    t =   167.41s     Checking `Expect predicate `existsNoRetry == 1` for object "Fixture Library" NavigationBar`
    t =   167.41s         Checking existence of `"Fixture Library" NavigationBar`
    t =   167.46s Find the "return-status" StaticText
    t =   167.51s Find the Cell (Element at index 0)
    t =   167.58s Terminate com.oneplayer.poster-host:32013
    t =   168.61s Tear Down
Test Case '-[PosterMotionUITests.PosterMotionUITests testLibraryPagedTabsDeepNativeReturnKeepsTheirOwnFrontiers]' passed (168.702 seconds).
Test Case '-[PosterMotionUITests.PosterMotionUITests testMixedFolderRootAndRecursiveNativeDestinationsRetainAllParents]' started.
    t =     0.00s Start Test at 2026-10-08 08:51:59.388
    t =     0.08s Set Up
    t =     0.09s Open com.oneplayer.poster-host
    t =     0.09s     Launch com.oneplayer.poster-host
    t =     0.67s         Setting up automation session
    t =     2.11s         Wait for com.oneplayer.poster-host to idle
    t =     3.49s Waiting 10.0s for CollectionView (First Match) to exist
    t =     4.53s     Checking `Expect predicate `existsNoRetry == 1` for object CollectionView (First Match)`
    t =     4.53s         Checking existence of `CollectionView (First Match)`
    t =     4.60s Swipe left ScrollView (First Match)
    t =     4.60s     Wait for com.oneplayer.poster-host to idle
    t =     4.61s     Find the ScrollView (First Match)
    t =     4.66s     Check for interrupting elements affecting ScrollView
    t =     4.73s     Synthesize event
    t =     5.20s     Wait for com.oneplayer.poster-host to idle
    t =     5.64s Tap "文件夹" Button
    t =     5.64s     Wait for com.oneplayer.poster-host to idle
    t =     5.65s     Find the "文件夹" Button
    t =     5.73s     Check for interrupting elements affecting "文件夹" Button
    t =     5.76s     Synthesize event
    t =     6.08s     Wait for com.oneplayer.poster-host to idle
    t =     6.12s Waiting 5.0s for "Folder lib-child" Cell to exist
    t =     7.15s     Checking `Expect predicate `existsNoRetry == 1` for object "Folder lib-child" Cell`
    t =     7.16s         Checking existence of `"Folder lib-child" Cell`
    t =     7.23s Tap "Movie 4" Cell
    t =     7.23s     Wait for com.oneplayer.poster-host to idle
    t =     7.24s     Find the "Movie 4" Cell
    t =     7.33s     Check for interrupting elements affecting "Movie 4" Cell
    t =     7.37s     Synthesize event
    t =     7.66s     Wait for com.oneplayer.poster-host to idle
    t =     8.05s Waiting 5.0s for "Fixture Detail" NavigationBar to exist
    t =     9.09s     Checking `Expect predicate `existsNoRetry == 1` for object "Fixture Detail" NavigationBar`
    t =     9.09s         Checking existence of `"Fixture Detail" NavigationBar`
    t =     9.13s Tap Button (Element at index 0)
    t =     9.13s     Wait for com.oneplayer.poster-host to idle
    t =     9.13s     Find the Button (Element at index 0)
    t =     9.14s     Check for interrupting elements affecting "Fixture Library" Button
    t =     9.18s     Synthesize event
    t =     9.48s     Wait for com.oneplayer.poster-host to idle
    t =     9.86s Waiting 5.0s for "Fixture Library" NavigationBar to exist
    t =    10.91s     Checking `Expect predicate `existsNoRetry == 1` for object "Fixture Library" NavigationBar`
    t =    10.91s         Checking existence of `"Fixture Library" NavigationBar`
    t =    10.94s Tap "Folder lib-child" Cell
    t =    10.94s     Wait for com.oneplayer.poster-host to idle
    t =    10.96s     Find the "Folder lib-child" Cell
    t =    11.02s     Check for interrupting elements affecting "Folder lib-child" Cell
    t =    11.05s     Synthesize event
    t =    11.37s     Wait for com.oneplayer.poster-host to idle
    t =    11.74s Waiting 5.0s for "Folder lib-child" NavigationBar to exist
    t =    12.77s     Checking `Expect predicate `existsNoRetry == 1` for object "Folder lib-child" NavigationBar`
    t =    12.77s         Checking existence of `"Folder lib-child" NavigationBar`
    t =    12.83s Tap "Folder lib-child-child" Cell
    t =    12.83s     Wait for com.oneplayer.poster-host to idle
    t =    12.83s     Find the "Folder lib-child-child" Cell
    t =    12.89s     Check for interrupting elements affecting "Folder lib-child-child" Cell
    t =    12.94s     Synthesize event
    t =    13.26s     Wait for com.oneplayer.poster-host to idle
    t =    13.60s Waiting 5.0s for "Folder lib-child-child" NavigationBar to exist
    t =    14.64s     Checking `Expect predicate `existsNoRetry == 1` for object "Folder lib-child-child" NavigationBar`
    t =    14.64s         Checking existence of `"Folder lib-child-child" NavigationBar`
    t =    14.69s Swipe up CollectionView (First Match)
    t =    14.69s     Wait for com.oneplayer.poster-host to idle
    t =    14.70s     Find the CollectionView (First Match)
    t =    14.80s     Check for interrupting elements affecting "poster-wall" CollectionView
    t =    14.85s     Synthesize event
    t =    15.32s     Wait for com.oneplayer.poster-host to idle
    t =    17.40s Swipe up "poster-wall" CollectionView
    t =    17.40s     Wait for com.oneplayer.poster-host to idle
    t =    17.40s     Find the "poster-wall" CollectionView
    t =    17.54s     Check for interrupting elements affecting "poster-wall" CollectionView
    t =    17.60s     Synthesize event
    t =    18.10s     Wait for com.oneplayer.poster-host to idle
    t =    20.18s Swipe up "poster-wall" CollectionView
    t =    20.18s     Wait for com.oneplayer.poster-host to idle
    t =    20.18s     Find the "poster-wall" CollectionView
    t =    20.26s     Check for interrupting elements affecting "poster-wall" CollectionView
    t =    20.33s     Synthesize event
    t =    20.80s     Wait for com.oneplayer.poster-host to idle
    t =    22.86s Swipe up "poster-wall" CollectionView
    t =    22.86s     Wait for com.oneplayer.poster-host to idle
    t =    22.86s     Find the "poster-wall" CollectionView
    t =    22.94s     Check for interrupting elements affecting "poster-wall" CollectionView
    t =    23.01s     Synthesize event
    t =    23.50s     Wait for com.oneplayer.poster-host to idle
    t =    25.58s Swipe up "poster-wall" CollectionView
    t =    25.58s     Wait for com.oneplayer.poster-host to idle
    t =    25.58s     Find the "poster-wall" CollectionView
    t =    25.68s     Check for interrupting elements affecting "poster-wall" CollectionView
    t =    25.79s     Synthesize event
    t =    26.29s     Wait for com.oneplayer.poster-host to idle
    t =    28.36s Swipe up "poster-wall" CollectionView
    t =    28.36s     Wait for com.oneplayer.poster-host to idle
    t =    28.36s     Find the "poster-wall" CollectionView
    t =    28.41s     Check for interrupting elements affecting "poster-wall" CollectionView
    t =    28.44s     Synthesize event
    t =    28.89s     Wait for com.oneplayer.poster-host to idle
    t =    30.96s Swipe up "poster-wall" CollectionView
    t =    30.96s     Wait for com.oneplayer.poster-host to idle
    t =    30.97s     Find the "poster-wall" CollectionView
    t =    31.02s     Check for interrupting elements affecting "poster-wall" CollectionView
    t =    31.06s     Synthesize event
    t =    31.50s     Wait for com.oneplayer.poster-host to idle
    t =    33.58s Swipe up "poster-wall" CollectionView
    t =    33.58s     Wait for com.oneplayer.poster-host to idle
    t =    33.59s     Find the "poster-wall" CollectionView
    t =    33.67s     Check for interrupting elements affecting "poster-wall" CollectionView
    t =    33.74s     Synthesize event
    t =    34.21s     Wait for com.oneplayer.poster-host to idle
    t =    36.27s Tap Cell (Element at index 4)
    t =    36.28s     Wait for com.oneplayer.poster-host to idle
    t =    36.28s     Find the Cell (Element at index 4)
    t =    36.40s     Check for interrupting elements affecting "Movie 76" Cell
    t =    36.45s     Synthesize event
    t =    36.75s     Wait for com.oneplayer.poster-host to idle
    t =    37.12s Waiting 5.0s for "Fixture Detail" NavigationBar to exist
    t =    38.12s     Checking `Expect predicate `existsNoRetry == 1` for object "Fixture Detail" NavigationBar`
    t =    38.12s         Checking existence of `"Fixture Detail" NavigationBar`
    t =    38.15s Find the "return-status" StaticText
    t =    38.19s Tap Button (Element at index 0)
    t =    38.19s     Wait for com.oneplayer.poster-host to idle
    t =    38.20s     Find the Button (Element at index 0)
    t =    38.24s     Check for interrupting elements affecting "Folder lib-child-child" Button
    t =    38.29s     Synthesize event
    t =    38.60s     Wait for com.oneplayer.poster-host to idle
    t =    38.93s Waiting 5.0s for "Folder lib-child-child" NavigationBar to exist
    t =    39.94s     Checking `Expect predicate `existsNoRetry == 1` for object "Folder lib-child-child" NavigationBar`
    t =    39.94s         Checking existence of `"Folder lib-child-child" NavigationBar`
    t =    39.98s Find the "return-status" StaticText
    t =    40.03s Tap Button (Element at index 0)
    t =    40.03s     Wait for com.oneplayer.poster-host to idle
    t =    40.04s     Find the Button (Element at index 0)
    t =    40.09s     Check for interrupting elements affecting "Folder lib-child" Button
    t =    40.14s     Synthesize event
    t =    40.44s     Wait for com.oneplayer.poster-host to idle
    t =    40.77s Waiting 5.0s for "Folder lib-child" NavigationBar to exist
    t =    41.81s     Checking `Expect predicate `existsNoRetry == 1` for object "Folder lib-child" NavigationBar`
    t =    41.81s         Checking existence of `"Folder lib-child" NavigationBar`
    t =    41.85s Checking existence of `"Folder lib-child-child" Cell`
    t =    41.90s Tap Button (Element at index 0)
    t =    41.90s     Wait for com.oneplayer.poster-host to idle
    t =    41.90s     Find the Button (Element at index 0)
    t =    41.95s     Check for interrupting elements affecting "Fixture Library" Button
    t =    42.00s     Synthesize event
    t =    42.30s     Wait for com.oneplayer.poster-host to idle
    t =    42.67s Waiting 5.0s for "Fixture Library" NavigationBar to exist
    t =    43.71s     Checking `Expect predicate `existsNoRetry == 1` for object "Fixture Library" NavigationBar`
    t =    43.71s         Checking existence of `"Fixture Library" NavigationBar`
    t =    43.79s Find the "return-status" StaticText
    t =    43.84s Checking existence of `"Folder lib-child" Cell`
    t =    43.90s Terminate com.oneplayer.poster-host:34842
    t =    44.93s Tear Down
Test Case '-[PosterMotionUITests.PosterMotionUITests testMixedFolderRootAndRecursiveNativeDestinationsRetainAllParents]' passed (44.966 seconds).
Test Case '-[PosterMotionUITests.PosterMotionUITests testNativeSectionRowsDeepReturnAndProductTopCommand]' started.
    t =     0.00s Start Test at 2026-10-08 08:52:44.354
    t =     0.04s Set Up
    t =     0.04s Open com.oneplayer.poster-host
    t =     0.04s     Launch com.oneplayer.poster-host
    t =     0.49s         Setting up automation session
    t =     1.83s         Wait for com.oneplayer.poster-host to idle
    t =     3.37s Waiting 10.0s for "poster-sections" CollectionView to exist
    t =     4.42s     Checking `Expect predicate `existsNoRetry == 1` for object "poster-sections" CollectionView`
    t =     4.42s         Checking existence of `"poster-sections" CollectionView`
    t =     4.50s Swipe up "poster-sections" CollectionView
    t =     4.50s     Wait for com.oneplayer.poster-host to idle
    t =     4.51s     Find the "poster-sections" CollectionView
    t =     4.57s     Check for interrupting elements affecting "poster-sections" CollectionView
    t =     4.62s     Synthesize event
    t =     5.09s     Wait for com.oneplayer.poster-host to idle
    t =     7.16s Swipe up "poster-sections" CollectionView
    t =     7.16s     Wait for com.oneplayer.poster-host to idle
    t =     7.17s     Find the "poster-sections" CollectionView
    t =     7.23s     Check for interrupting elements affecting "poster-sections" CollectionView
    t =     7.28s     Synthesize event
    t =     7.75s     Wait for com.oneplayer.poster-host to idle
    t =     9.83s Swipe up "poster-sections" CollectionView
    t =     9.83s     Wait for com.oneplayer.poster-host to idle
    t =     9.83s     Find the "poster-sections" CollectionView
    t =     9.89s     Check for interrupting elements affecting "poster-sections" CollectionView
    t =     9.92s     Synthesize event
    t =    10.38s     Wait for com.oneplayer.poster-host to idle
    t =    12.46s Swipe up "poster-sections" CollectionView
    t =    12.46s     Wait for com.oneplayer.poster-host to idle
    t =    12.47s     Find the "poster-sections" CollectionView
    t =    12.56s     Check for interrupting elements affecting "poster-sections" CollectionView
    t =    12.67s     Synthesize event
    t =    13.20s     Wait for com.oneplayer.poster-host to idle
    t =    15.30s Checking existence of `"poster-horizontal" CollectionView`
    t =    15.39s Swipe left "poster-horizontal" CollectionView
    t =    15.39s     Wait for com.oneplayer.poster-host to idle
    t =    15.39s     Find the "poster-horizontal" CollectionView
    t =    15.51s     Check for interrupting elements affecting "poster-horizontal" CollectionView
    t =    15.56s     Synthesize event
    t =    16.16s     Wait for com.oneplayer.poster-host to idle
    t =    18.25s Find the Cell (Element at index 1)
    t =    18.33s Tap Cell (Element at index 1)
    t =    18.33s     Wait for com.oneplayer.poster-host to idle
    t =    18.33s     Find the Cell (Element at index 1)
    t =    18.44s     Check for interrupting elements affecting "Card 8-5" Cell
    t =    18.50s     Synthesize event
    t =    18.83s     Wait for com.oneplayer.poster-host to idle
    t =    19.25s Waiting 5.0s for "Fixture Detail" NavigationBar to exist
    t =    20.27s     Checking `Expect predicate `existsNoRetry == 1` for object "Fixture Detail" NavigationBar`
    t =    20.28s         Checking existence of `"Fixture Detail" NavigationBar`
    t =    20.34s Tap Button (Element at index 0)
    t =    20.34s     Wait for com.oneplayer.poster-host to idle
    t =    20.35s     Find the Button (Element at index 0)
    t =    20.40s     Check for interrupting elements affecting "Section Fixture" Button
    t =    20.44s     Synthesize event
    t =    20.77s     Wait for com.oneplayer.poster-host to idle
    t =    21.14s Waiting 5.0s for "Section Fixture" NavigationBar to exist
    t =    22.17s     Checking `Expect predicate `existsNoRetry == 1` for object "Section Fixture" NavigationBar`
    t =    22.17s         Checking existence of `"Section Fixture" NavigationBar`
    t =    22.22s Find the Cell (Element at index 1)
    t =    22.33s Tap "回顶" Button
    t =    22.33s     Wait for com.oneplayer.poster-host to idle
    t =    22.33s     Find the "回顶" Button
    t =    22.40s     Check for interrupting elements affecting "回顶" Button
    t =    22.47s     Synthesize event
    t =    22.78s     Wait for com.oneplayer.poster-host to idle
    t =    22.83s Waiting 5.0s for "Hero fixture" StaticText to exist
    t =    23.87s     Checking `Expect predicate `existsNoRetry == 1` for object "Hero fixture" StaticText`
    t =    23.87s         Checking existence of `"Hero fixture" StaticText`
    t =    23.95s Get number of matches for: Elements matching predicate '"poster-sections" IN identifiers'
    t =    23.99s Terminate com.oneplayer.poster-host:37073
    t =    25.04s Tear Down
Test Case '-[PosterMotionUITests.PosterMotionUITests testNativeSectionRowsDeepReturnAndProductTopCommand]' passed (25.086 seconds).
Test Case '-[PosterMotionUITests.PosterMotionUITests testP4MediaPersonFilterAndSearchLeavesDeepReturnKeepOriginalOwners]' started.
    t =     0.00s Start Test at 2026-10-08 08:53:09.440
    t =     0.05s Set Up
    t =     0.06s Open com.oneplayer.poster-host
    t =     0.06s     Launch com.oneplayer.poster-host
    t =     0.63s         Setting up automation session
    t =     2.10s         Wait for com.oneplayer.poster-host to idle
    t =     3.51s Waiting 10.0s for CollectionView (First Match) to exist
    t =     4.52s     Checking `Expect predicate `existsNoRetry == 1` for object CollectionView (First Match)`
    t =     4.52s         Checking existence of `CollectionView (First Match)`
    t =     4.62s Swipe up CollectionView (First Match)
    t =     4.62s     Wait for com.oneplayer.poster-host to idle
    t =     4.62s     Find the CollectionView (First Match)
    t =     4.69s     Check for interrupting elements affecting "poster-wall" CollectionView
    t =     4.73s     Synthesize event
    t =     5.20s     Wait for com.oneplayer.poster-host to idle
    t =     7.27s Swipe up "poster-wall" CollectionView
    t =     7.27s     Wait for com.oneplayer.poster-host to idle
    t =     7.28s     Find the "poster-wall" CollectionView
    t =     7.35s     Check for interrupting elements affecting "poster-wall" CollectionView
    t =     7.41s     Synthesize event
    t =     7.88s     Wait for com.oneplayer.poster-host to idle
    t =     9.94s Swipe up "poster-wall" CollectionView
    t =     9.94s     Wait for com.oneplayer.poster-host to idle
    t =     9.95s     Find the "poster-wall" CollectionView
    t =    10.01s     Check for interrupting elements affecting "poster-wall" CollectionView
    t =    10.06s     Synthesize event
    t =    10.55s     Wait for com.oneplayer.poster-host to idle
    t =    12.63s Swipe up "poster-wall" CollectionView
    t =    12.63s     Wait for com.oneplayer.poster-host to idle
    t =    12.64s     Find the "poster-wall" CollectionView
    t =    12.70s     Check for interrupting elements affecting "poster-wall" CollectionView
    t =    12.74s     Synthesize event
    t =    13.19s     Wait for com.oneplayer.poster-host to idle
    t =    15.29s Swipe up "poster-wall" CollectionView
    t =    15.29s     Wait for com.oneplayer.poster-host to idle
    t =    15.30s     Find the "poster-wall" CollectionView
    t =    15.35s     Check for interrupting elements affecting "poster-wall" CollectionView
    t =    15.39s     Synthesize event
    t =    15.82s     Wait for com.oneplayer.poster-host to idle
    t =    17.91s Swipe up "poster-wall" CollectionView
    t =    17.91s     Wait for com.oneplayer.poster-host to idle
    t =    17.91s     Find the "poster-wall" CollectionView
    t =    17.94s     Check for interrupting elements affecting "poster-wall" CollectionView
    t =    17.98s     Synthesize event
    t =    18.43s     Wait for com.oneplayer.poster-host to idle
    t =    20.51s Swipe up "poster-wall" CollectionView
    t =    20.51s     Wait for com.oneplayer.poster-host to idle
    t =    20.51s     Find the "poster-wall" CollectionView
    t =    20.54s     Check for interrupting elements affecting "poster-wall" CollectionView
    t =    20.59s     Synthesize event
    t =    21.02s     Wait for com.oneplayer.poster-host to idle
    t =    23.09s Swipe up "poster-wall" CollectionView
    t =    23.09s     Wait for com.oneplayer.poster-host to idle
    t =    23.09s     Find the "poster-wall" CollectionView
    t =    23.12s     Check for interrupting elements affecting "poster-wall" CollectionView
    t =    23.16s     Synthesize event
    t =    23.59s     Wait for com.oneplayer.poster-host to idle
    t =    25.67s Find the Cell (Element at index 0)
    t =    25.71s Tap Cell (Element at index 4)
    t =    25.71s     Wait for com.oneplayer.poster-host to idle
    t =    25.72s     Find the Cell (Element at index 4)
    t =    25.77s     Check for interrupting elements affecting "Movie 76" Cell
    t =    25.80s     Synthesize event
    t =    26.11s     Wait for com.oneplayer.poster-host to idle
    t =    26.51s Waiting 5.0s for "Fixture Detail" NavigationBar to exist
    t =    27.52s     Checking `Expect predicate `existsNoRetry == 1` for object "Fixture Detail" NavigationBar`
    t =    27.52s         Checking existence of `"Fixture Detail" NavigationBar`
    t =    27.56s Find the "return-status" StaticText
    t =    27.59s Tap Button (Element at index 0)
    t =    27.59s     Wait for com.oneplayer.poster-host to idle
    t =    27.59s     Find the Button (Element at index 0)
    t =    27.61s     Check for interrupting elements affecting "Fixture Results" Button
    t =    27.63s     Synthesize event
    t =    27.93s     Wait for com.oneplayer.poster-host to idle
    t =    28.27s Waiting 5.0s for "Fixture Results" NavigationBar to exist
    t =    29.30s     Checking `Expect predicate `existsNoRetry == 1` for object "Fixture Results" NavigationBar`
    t =    29.30s         Checking existence of `"Fixture Results" NavigationBar`
    t =    29.34s Find the "return-status" StaticText
    t =    29.36s Find the Cell (Element at index 0)
    t =    29.39s Terminate com.oneplayer.poster-host:37820
    t =    30.42s Open com.oneplayer.poster-host
    t =    30.42s     Launch com.oneplayer.poster-host
    t =    30.96s         Setting up automation session
    t =    32.25s         Wait for com.oneplayer.poster-host to idle
    t =    33.55s Waiting 10.0s for CollectionView (First Match) to exist
    t =    34.59s     Checking `Expect predicate `existsNoRetry == 1` for object CollectionView (First Match)`
    t =    34.59s         Checking existence of `CollectionView (First Match)`
    t =    34.63s Swipe up CollectionView (First Match)
    t =    34.63s     Wait for com.oneplayer.poster-host to idle
    t =    34.64s     Find the CollectionView (First Match)
    t =    34.68s     Check for interrupting elements affecting "poster-wall" CollectionView
    t =    34.72s     Synthesize event
    t =    35.14s     Wait for com.oneplayer.poster-host to idle
    t =    37.24s Swipe up "poster-wall" CollectionView
    t =    37.24s     Wait for com.oneplayer.poster-host to idle
    t =    37.24s     Find the "poster-wall" CollectionView
    t =    37.29s     Check for interrupting elements affecting "poster-wall" CollectionView
    t =    37.33s     Synthesize event
    t =    37.81s     Wait for com.oneplayer.poster-host to idle
    t =    39.91s Swipe up "poster-wall" CollectionView
    t =    39.91s     Wait for com.oneplayer.poster-host to idle
    t =    39.91s     Find the "poster-wall" CollectionView
    t =    39.96s     Check for interrupting elements affecting "poster-wall" CollectionView
    t =    40.00s     Synthesize event
    t =    40.43s     Wait for com.oneplayer.poster-host to idle
    t =    42.52s Swipe up "poster-wall" CollectionView
    t =    42.52s     Wait for com.oneplayer.poster-host to idle
    t =    42.56s     Find the "poster-wall" CollectionView
    t =    42.64s     Check for interrupting elements affecting "poster-wall" CollectionView
    t =    42.69s     Synthesize event
    t =    43.16s     Wait for com.oneplayer.poster-host to idle
    t =    45.23s Swipe up "poster-wall" CollectionView
    t =    45.23s     Wait for com.oneplayer.poster-host to idle
    t =    45.23s     Find the "poster-wall" CollectionView
    t =    45.39s     Check for interrupting elements affecting "poster-wall" CollectionView
    t =    45.43s     Synthesize event
    t =    45.88s     Wait for com.oneplayer.poster-host to idle
    t =    47.96s Swipe up "poster-wall" CollectionView
    t =    47.96s     Wait for com.oneplayer.poster-host to idle
    t =    47.96s     Find the "poster-wall" CollectionView
    t =    48.01s     Check for interrupting elements affecting "poster-wall" CollectionView
    t =    48.03s     Synthesize event
    t =    48.45s     Wait for com.oneplayer.poster-host to idle
    t =    50.54s Swipe up "poster-wall" CollectionView
    t =    50.54s     Wait for com.oneplayer.poster-host to idle
    t =    50.55s     Find the "poster-wall" CollectionView
    t =    50.64s     Check for interrupting elements affecting "poster-wall" CollectionView
    t =    50.70s     Synthesize event
    t =    51.15s     Wait for com.oneplayer.poster-host to idle
    t =    53.24s Swipe up "poster-wall" CollectionView
    t =    53.24s     Wait for com.oneplayer.poster-host to idle
    t =    53.25s     Find the "poster-wall" CollectionView
    t =    53.32s     Check for interrupting elements affecting "poster-wall" CollectionView
    t =    53.38s     Synthesize event
    t =    53.84s     Wait for com.oneplayer.poster-host to idle
    t =    55.95s Find the Cell (Element at index 0)
    t =    56.02s Tap Cell (Element at index 4)
    t =    56.02s     Wait for com.oneplayer.poster-host to idle
    t =    56.03s     Find the Cell (Element at index 4)
    t =    56.10s     Check for interrupting elements affecting "Series 76" Cell
    t =    56.14s     Synthesize event
    t =    56.47s     Wait for com.oneplayer.poster-host to idle
    t =    56.88s Waiting 5.0s for "Fixture Detail" NavigationBar to exist
    t =    57.90s     Checking `Expect predicate `existsNoRetry == 1` for object "Fixture Detail" NavigationBar`
    t =    57.90s         Checking existence of `"Fixture Detail" NavigationBar`
    t =    57.93s Find the "return-status" StaticText
    t =    57.95s Tap Button (Element at index 0)
    t =    57.95s     Wait for com.oneplayer.poster-host to idle
    t =    57.96s     Find the Button (Element at index 0)
    t =    57.99s     Check for interrupting elements affecting "Fixture Results" Button
    t =    58.01s     Synthesize event
    t =    58.33s     Wait for com.oneplayer.poster-host to idle
    t =    58.67s Waiting 5.0s for "Fixture Results" NavigationBar to exist
    t =    59.69s     Checking `Expect predicate `existsNoRetry == 1` for object "Fixture Results" NavigationBar`
    t =    59.69s         Checking existence of `"Fixture Results" NavigationBar`
    t =    59.80s Find the "return-status" StaticText
    t =    59.95s Find the Cell (Element at index 0)
    t =    60.07s Terminate com.oneplayer.poster-host:39077
    t =    62.12s Open com.oneplayer.poster-host
    t =    62.12s     Launch com.oneplayer.poster-host
    t =    62.84s         Setting up automation session
    t =    64.66s         Wait for com.oneplayer.poster-host to idle
    t =    66.17s Waiting 10.0s for CollectionView (First Match) to exist
    t =    67.22s     Checking `Expect predicate `existsNoRetry == 1` for object CollectionView (First Match)`
    t =    67.22s         Checking existence of `CollectionView (First Match)`
    t =    67.29s Swipe up CollectionView (First Match)
    t =    67.29s     Wait for com.oneplayer.poster-host to idle
    t =    67.29s     Find the CollectionView (First Match)
    t =    67.35s     Check for interrupting elements affecting "poster-wall" CollectionView
    t =    67.40s     Synthesize event
    t =    67.86s     Wait for com.oneplayer.poster-host to idle
    t =    69.93s Swipe up "poster-wall" CollectionView
    t =    69.93s     Wait for com.oneplayer.poster-host to idle
    t =    69.94s     Find the "poster-wall" CollectionView
    t =    70.02s     Check for interrupting elements affecting "poster-wall" CollectionView
    t =    70.19s     Synthesize event
    t =    70.64s     Wait for com.oneplayer.poster-host to idle
    t =    72.74s Swipe up "poster-wall" CollectionView
    t =    72.74s     Wait for com.oneplayer.poster-host to idle
    t =    72.75s     Find the "poster-wall" CollectionView
    t =    72.84s     Check for interrupting elements affecting "poster-wall" CollectionView
    t =    72.90s     Synthesize event
    t =    73.36s     Wait for com.oneplayer.poster-host to idle
    t =    75.44s Swipe up "poster-wall" CollectionView
    t =    75.44s     Wait for com.oneplayer.poster-host to idle
    t =    75.45s     Find the "poster-wall" CollectionView
    t =    75.50s     Check for interrupting elements affecting "poster-wall" CollectionView
    t =    75.56s     Synthesize event
    t =    76.01s     Wait for com.oneplayer.poster-host to idle
    t =    78.09s Swipe up "poster-wall" CollectionView
    t =    78.09s     Wait for com.oneplayer.poster-host to idle
    t =    78.09s     Find the "poster-wall" CollectionView
    t =    78.15s     Check for interrupting elements affecting "poster-wall" CollectionView
    t =    78.20s     Synthesize event
    t =    78.66s     Wait for com.oneplayer.poster-host to idle
    t =    80.73s Swipe up "poster-wall" CollectionView
    t =    80.73s     Wait for com.oneplayer.poster-host to idle
    t =    80.73s     Find the "poster-wall" CollectionView
    t =    80.81s     Check for interrupting elements affecting "poster-wall" CollectionView
    t =    80.89s     Synthesize event
    t =    81.43s     Wait for com.oneplayer.poster-host to idle
    t =    83.51s Swipe up "poster-wall" CollectionView
    t =    83.51s     Wait for com.oneplayer.poster-host to idle
    t =    83.52s     Find the "poster-wall" CollectionView
    t =    83.62s     Check for interrupting elements affecting "poster-wall" CollectionView
    t =    83.69s     Synthesize event
    t =    84.17s     Wait for com.oneplayer.poster-host to idle
    t =    86.24s Swipe up "poster-wall" CollectionView
    t =    86.24s     Wait for com.oneplayer.poster-host to idle
    t =    86.25s     Find the "poster-wall" CollectionView
    t =    86.34s     Check for interrupting elements affecting "poster-wall" CollectionView
    t =    86.39s     Synthesize event
    t =    86.87s     Wait for com.oneplayer.poster-host to idle
    t =    88.94s Find the Cell (Element at index 0)
    t =    89.03s Tap Cell (Element at index 4)
    t =    89.03s     Wait for com.oneplayer.poster-host to idle
    t =    89.05s     Find the Cell (Element at index 4)
    t =    89.11s     Check for interrupting elements affecting "Episode 76" Cell
    t =    89.16s     Synthesize event
    t =    89.49s     Wait for com.oneplayer.poster-host to idle
    t =    89.95s Waiting 5.0s for "Fixture Detail" NavigationBar to exist
    t =    90.99s     Checking `Expect predicate `existsNoRetry == 1` for object "Fixture Detail" NavigationBar`
    t =    90.99s         Checking existence of `"Fixture Detail" NavigationBar`
    t =    91.06s Find the "return-status" StaticText
    t =    91.08s Tap Button (Element at index 0)
    t =    91.08s     Wait for com.oneplayer.poster-host to idle
    t =    91.09s     Find the Button (Element at index 0)
    t =    91.14s     Check for interrupting elements affecting "Fixture Results" Button
    t =    91.18s     Synthesize event
    t =    91.48s     Wait for com.oneplayer.poster-host to idle
    t =    91.83s Waiting 5.0s for "Fixture Results" NavigationBar to exist
    t =    92.89s     Checking `Expect predicate `existsNoRetry == 1` for object "Fixture Results" NavigationBar`
    t =    92.89s         Checking existence of `"Fixture Results" NavigationBar`
    t =    92.93s Find the "return-status" StaticText
    t =    92.97s Find the Cell (Element at index 0)
    t =    93.01s Terminate com.oneplayer.poster-host:40951
    t =    94.09s Open com.oneplayer.poster-host
    t =    94.09s     Launch com.oneplayer.poster-host
    t =    94.54s         Setting up automation session
    t =    96.56s         Wait for com.oneplayer.poster-host to idle
    t =    98.03s Waiting 10.0s for CollectionView (First Match) to exist
    t =    99.05s     Checking `Expect predicate `existsNoRetry == 1` for object CollectionView (First Match)`
    t =    99.05s         Checking existence of `CollectionView (First Match)`
    t =    99.12s Swipe up CollectionView (First Match)
    t =    99.12s     Wait for com.oneplayer.poster-host to idle
    t =    99.12s     Find the CollectionView (First Match)
    t =    99.18s     Check for interrupting elements affecting "poster-wall" CollectionView
    t =    99.21s     Synthesize event
    t =    99.67s     Wait for com.oneplayer.poster-host to idle
    t =   101.74s Swipe up "poster-wall" CollectionView
    t =   101.74s     Wait for com.oneplayer.poster-host to idle
    t =   101.75s     Find the "poster-wall" CollectionView
    t =   101.82s     Check for interrupting elements affecting "poster-wall" CollectionView
    t =   101.85s     Synthesize event
    t =   102.32s     Wait for com.oneplayer.poster-host to idle
    t =   104.39s Swipe up "poster-wall" CollectionView
    t =   104.39s     Wait for com.oneplayer.poster-host to idle
    t =   104.40s     Find the "poster-wall" CollectionView
    t =   104.45s     Check for interrupting elements affecting "poster-wall" CollectionView
    t =   104.51s     Synthesize event
    t =   105.01s     Wait for com.oneplayer.poster-host to idle
    t =   107.08s Swipe up "poster-wall" CollectionView
    t =   107.08s     Wait for com.oneplayer.poster-host to idle
    t =   107.08s     Find the "poster-wall" CollectionView
    t =   107.13s     Check for interrupting elements affecting "poster-wall" CollectionView
    t =   107.20s     Synthesize event
    t =   107.68s     Wait for com.oneplayer.poster-host to idle
    t =   109.77s Swipe up "poster-wall" CollectionView
    t =   109.77s     Wait for com.oneplayer.poster-host to idle
    t =   109.77s     Find the "poster-wall" CollectionView
    t =   109.83s     Check for interrupting elements affecting "poster-wall" CollectionView
    t =   109.91s     Synthesize event
    t =   110.41s     Wait for com.oneplayer.poster-host to idle
    t =   112.54s Swipe up "poster-wall" CollectionView
    t =   112.54s     Wait for com.oneplayer.poster-host to idle
    t =   112.55s     Find the "poster-wall" CollectionView
    t =   112.65s     Check for interrupting elements affecting "poster-wall" CollectionView
    t =   112.74s     Synthesize event
    t =   113.21s     Wait for com.oneplayer.poster-host to idle
    t =   115.29s Swipe up "poster-wall" CollectionView
    t =   115.29s     Wait for com.oneplayer.poster-host to idle
    t =   115.30s     Find the "poster-wall" CollectionView
    t =   115.36s     Check for interrupting elements affecting "poster-wall" CollectionView
    t =   115.41s     Synthesize event
    t =   115.88s     Wait for com.oneplayer.poster-host to idle
    t =   117.96s Swipe up "poster-wall" CollectionView
    t =   117.96s     Wait for com.oneplayer.poster-host to idle
    t =   117.97s     Find the "poster-wall" CollectionView
    t =   118.03s     Check for interrupting elements affecting "poster-wall" CollectionView
    t =   118.09s     Synthesize event
    t =   118.56s     Wait for com.oneplayer.poster-host to idle
    t =   120.63s Find the Cell (Element at index 0)
    t =   120.71s Tap Cell (Element at index 4)
    t =   120.71s     Wait for com.oneplayer.poster-host to idle
    t =   120.74s     Find the Cell (Element at index 4)
    t =   120.84s     Check for interrupting elements affecting "Movie 76" Cell
    t =   120.92s     Synthesize event
    t =   121.26s     Wait for com.oneplayer.poster-host to idle
    t =   121.70s Waiting 5.0s for "Fixture Detail" NavigationBar to exist
    t =   122.72s     Checking `Expect predicate `existsNoRetry == 1` for object "Fixture Detail" NavigationBar`
    t =   122.72s         Checking existence of `"Fixture Detail" NavigationBar`
    t =   122.79s Find the "return-status" StaticText
    t =   122.82s Tap Button (Element at index 0)
    t =   122.82s     Wait for com.oneplayer.poster-host to idle
    t =   122.82s     Find the Button (Element at index 0)
    t =   122.88s     Check for interrupting elements affecting "Fixture Results" Button
    t =   122.93s     Synthesize event
    t =   123.25s     Wait for com.oneplayer.poster-host to idle
    t =   123.59s Waiting 5.0s for "Fixture Results" NavigationBar to exist
    t =   124.62s     Checking `Expect predicate `existsNoRetry == 1` for object "Fixture Results" NavigationBar`
    t =   124.62s         Checking existence of `"Fixture Results" NavigationBar`
    t =   124.67s Find the "return-status" StaticText
    t =   124.71s Find the Cell (Element at index 0)
    t =   124.76s Terminate com.oneplayer.poster-host:42163
    t =   125.85s Open com.oneplayer.poster-host
    t =   125.85s     Launch com.oneplayer.poster-host
    t =   126.31s         Setting up automation session
    t =   128.14s         Wait for com.oneplayer.poster-host to idle
    t =   129.61s Waiting 10.0s for CollectionView (First Match) to exist
    t =   130.62s     Checking `Expect predicate `existsNoRetry == 1` for object CollectionView (First Match)`
    t =   130.62s         Checking existence of `CollectionView (First Match)`
    t =   130.69s Swipe up CollectionView (First Match)
    t =   130.69s     Wait for com.oneplayer.poster-host to idle
    t =   130.70s     Find the CollectionView (First Match)
    t =   130.73s     Check for interrupting elements affecting "poster-wall" CollectionView
    t =   130.79s     Synthesize event
    t =   131.23s     Wait for com.oneplayer.poster-host to idle
    t =   133.31s Swipe up "poster-wall" CollectionView
    t =   133.32s     Wait for com.oneplayer.poster-host to idle
    t =   133.32s     Find the "poster-wall" CollectionView
    t =   133.36s     Check for interrupting elements affecting "poster-wall" CollectionView
    t =   133.39s     Synthesize event
    t =   133.84s     Wait for com.oneplayer.poster-host to idle
    t =   135.95s Swipe up "poster-wall" CollectionView
    t =   135.95s     Wait for com.oneplayer.poster-host to idle
    t =   135.96s     Find the "poster-wall" CollectionView
    t =   136.05s     Check for interrupting elements affecting "poster-wall" CollectionView
    t =   136.11s     Synthesize event
    t =   136.62s     Wait for com.oneplayer.poster-host to idle
    t =   138.69s Swipe up "poster-wall" CollectionView
    t =   138.69s     Wait for com.oneplayer.poster-host to idle
    t =   138.70s     Find the "poster-wall" CollectionView
    t =   138.76s     Check for interrupting elements affecting "poster-wall" CollectionView
    t =   138.79s     Synthesize event
    t =   139.25s     Wait for com.oneplayer.poster-host to idle
    t =   141.34s Swipe up "poster-wall" CollectionView
    t =   141.34s     Wait for com.oneplayer.poster-host to idle
    t =   141.35s     Find the "poster-wall" CollectionView
    t =   141.40s     Check for interrupting elements affecting "poster-wall" CollectionView
    t =   141.44s     Synthesize event
    t =   141.89s     Wait for com.oneplayer.poster-host to idle
    t =   143.96s Swipe up "poster-wall" CollectionView
    t =   143.96s     Wait for com.oneplayer.poster-host to idle
    t =   143.97s     Find the "poster-wall" CollectionView
    t =   144.05s     Check for interrupting elements affecting "poster-wall" CollectionView
    t =   144.08s     Synthesize event
    t =   144.52s     Wait for com.oneplayer.poster-host to idle
    t =   146.60s Swipe up "poster-wall" CollectionView
    t =   146.60s     Wait for com.oneplayer.poster-host to idle
    t =   146.61s     Find the "poster-wall" CollectionView
    t =   147.08s     Check for interrupting elements affecting "poster-wall" CollectionView
    t =   147.20s     Synthesize event
    t =   147.95s     Wait for com.oneplayer.poster-host to idle
    t =   150.02s Swipe up "poster-wall" CollectionView
    t =   150.03s     Wait for com.oneplayer.poster-host to idle
    t =   150.03s     Find the "poster-wall" CollectionView
    t =   150.10s     Check for interrupting elements affecting "poster-wall" CollectionView
    t =   150.14s     Synthesize event
    t =   150.66s     Wait for com.oneplayer.poster-host to idle
    t =   152.74s Find the Cell (Element at index 0)
    t =   152.80s Tap Cell (Element at index 4)
    t =   152.80s     Wait for com.oneplayer.poster-host to idle
    t =   152.80s     Find the Cell (Element at index 4)
    t =   152.88s     Check for interrupting elements affecting "Movie 76" Cell
    t =   152.94s     Synthesize event
    t =   153.27s     Wait for com.oneplayer.poster-host to idle
    t =   153.71s Waiting 5.0s for "Fixture Detail" NavigationBar to exist
    t =   154.72s     Checking `Expect predicate `existsNoRetry == 1` for object "Fixture Detail" NavigationBar`
    t =   154.72s         Checking existence of `"Fixture Detail" NavigationBar`
    t =   154.79s Find the "return-status" StaticText
    t =   154.81s Tap Button (Element at index 0)
    t =   154.81s     Wait for com.oneplayer.poster-host to idle
    t =   154.82s     Find the Button (Element at index 0)
    t =   154.84s     Check for interrupting elements affecting "Fixture Results" Button
    t =   154.87s     Synthesize event
    t =   155.18s     Wait for com.oneplayer.poster-host to idle
    t =   155.53s Waiting 5.0s for "Fixture Results" NavigationBar to exist
    t =   156.57s     Checking `Expect predicate `existsNoRetry == 1` for object "Fixture Results" NavigationBar`
    t =   156.57s         Checking existence of `"Fixture Results" NavigationBar`
    t =   156.62s Find the "return-status" StaticText
    t =   156.67s Find the Cell (Element at index 0)
    t =   156.72s Terminate com.oneplayer.poster-host:43748
    t =   157.76s Open com.oneplayer.poster-host
    t =   157.76s     Launch com.oneplayer.poster-host
    t =   158.37s         Setting up automation session
    t =   159.77s         Wait for com.oneplayer.poster-host to idle
    t =   161.22s Waiting 10.0s for CollectionView (First Match) to exist
    t =   162.26s     Checking `Expect predicate `existsNoRetry == 1` for object CollectionView (First Match)`
    t =   162.26s         Checking existence of `CollectionView (First Match)`
    t =   162.32s Swipe up CollectionView (First Match)
    t =   162.32s     Wait for com.oneplayer.poster-host to idle
    t =   162.33s     Find the CollectionView (First Match)
    t =   162.39s     Check for interrupting elements affecting "poster-wall" CollectionView
    t =   162.42s     Synthesize event
    t =   162.89s     Wait for com.oneplayer.poster-host to idle
    t =   164.96s Swipe up "poster-wall" CollectionView
    t =   164.96s     Wait for com.oneplayer.poster-host to idle
    t =   164.97s     Find the "poster-wall" CollectionView
    t =   165.00s     Check for interrupting elements affecting "poster-wall" CollectionView
    t =   165.03s     Synthesize event
    t =   165.46s     Wait for com.oneplayer.poster-host to idle
    t =   167.55s Swipe up "poster-wall" CollectionView
    t =   167.55s     Wait for com.oneplayer.poster-host to idle
    t =   167.56s     Find the "poster-wall" CollectionView
    t =   167.60s     Check for interrupting elements affecting "poster-wall" CollectionView
    t =   167.75s     Synthesize event
    t =   168.20s     Wait for com.oneplayer.poster-host to idle
    t =   170.27s Swipe up "poster-wall" CollectionView
    t =   170.28s     Wait for com.oneplayer.poster-host to idle
    t =   170.28s     Find the "poster-wall" CollectionView
    t =   170.33s     Check for interrupting elements affecting "poster-wall" CollectionView
    t =   170.36s     Synthesize event
    t =   170.82s     Wait for com.oneplayer.poster-host to idle
    t =   172.93s Swipe up "poster-wall" CollectionView
    t =   172.93s     Wait for com.oneplayer.poster-host to idle
    t =   172.94s     Find the "poster-wall" CollectionView
    t =   173.01s     Check for interrupting elements affecting "poster-wall" CollectionView
    t =   173.07s     Synthesize event
    t =   173.54s     Wait for com.oneplayer.poster-host to idle
    t =   175.63s Swipe up "poster-wall" CollectionView
    t =   175.63s     Wait for com.oneplayer.poster-host to idle
    t =   175.63s     Find the "poster-wall" CollectionView
    t =   175.66s     Check for interrupting elements affecting "poster-wall" CollectionView
    t =   175.71s     Synthesize event
    t =   176.16s     Wait for com.oneplayer.poster-host to idle
    t =   178.24s Swipe up "poster-wall" CollectionView
    t =   178.24s     Wait for com.oneplayer.poster-host to idle
    t =   178.25s     Find the "poster-wall" CollectionView
    t =   178.30s     Check for interrupting elements affecting "poster-wall" CollectionView
    t =   178.36s     Synthesize event
    t =   178.81s     Wait for com.oneplayer.poster-host to idle
    t =   180.91s Swipe up "poster-wall" CollectionView
    t =   180.92s     Wait for com.oneplayer.poster-host to idle
    t =   180.92s     Find the "poster-wall" CollectionView
    t =   181.05s     Check for interrupting elements affecting "poster-wall" CollectionView
    t =   181.13s     Synthesize event
    t =   181.61s     Wait for com.oneplayer.poster-host to idle
    t =   183.68s Find the Cell (Element at index 0)
    t =   183.75s Tap Cell (Element at index 4)
    t =   183.75s     Wait for com.oneplayer.poster-host to idle
    t =   183.76s     Find the Cell (Element at index 4)
    t =   183.87s     Check for interrupting elements affecting "Movie 76" Cell
    t =   183.93s     Synthesize event
    t =   184.26s     Wait for com.oneplayer.poster-host to idle
    t =   184.68s Waiting 5.0s for "Fixture Detail" NavigationBar to exist
    t =   185.72s     Checking `Expect predicate `existsNoRetry == 1` for object "Fixture Detail" NavigationBar`
    t =   185.72s         Checking existence of `"Fixture Detail" NavigationBar`
    t =   185.75s Find the "return-status" StaticText
    t =   185.81s Tap Button (Element at index 0)
    t =   185.81s     Wait for com.oneplayer.poster-host to idle
    t =   185.82s     Find the Button (Element at index 0)
    t =   185.84s     Check for interrupting elements affecting "Fixture Results" Button
    t =   185.88s     Synthesize event
    t =   186.18s     Wait for com.oneplayer.poster-host to idle
    t =   186.56s Waiting 5.0s for "Fixture Results" NavigationBar to exist
    t =   187.59s     Checking `Expect predicate `existsNoRetry == 1` for object "Fixture Results" NavigationBar`
    t =   187.59s         Checking existence of `"Fixture Results" NavigationBar`
    t =   187.64s Find the "return-status" StaticText
    t =   187.68s Find the Cell (Element at index 0)
    t =   187.76s Terminate com.oneplayer.poster-host:45264
    t =   188.77s Open com.oneplayer.poster-host
    t =   188.78s     Launch com.oneplayer.poster-host
    t =   189.38s         Setting up automation session
    t =   190.85s         Wait for com.oneplayer.poster-host to idle
    t =   192.31s Waiting 10.0s for CollectionView (First Match) to exist
    t =   193.34s     Checking `Expect predicate `existsNoRetry == 1` for object CollectionView (First Match)`
    t =   193.34s         Checking existence of `CollectionView (First Match)`
    t =   193.40s Swipe up CollectionView (First Match)
    t =   193.40s     Wait for com.oneplayer.poster-host to idle
    t =   193.41s     Find the CollectionView (First Match)
    t =   193.46s     Check for interrupting elements affecting "poster-wall" CollectionView
    t =   193.51s     Synthesize event
    t =   193.95s     Wait for com.oneplayer.poster-host to idle
    t =   196.04s Swipe up "poster-wall" CollectionView
    t =   196.04s     Wait for com.oneplayer.poster-host to idle
    t =   196.05s     Find the "poster-wall" CollectionView
    t =   196.09s     Check for interrupting elements affecting "poster-wall" CollectionView
    t =   196.13s     Synthesize event
    t =   196.57s     Wait for com.oneplayer.poster-host to idle
    t =   198.64s Swipe up "poster-wall" CollectionView
    t =   198.64s     Wait for com.oneplayer.poster-host to idle
    t =   198.65s     Find the "poster-wall" CollectionView
    t =   198.82s     Check for interrupting elements affecting "poster-wall" CollectionView
    t =   198.91s     Synthesize event
    t =   199.37s     Wait for com.oneplayer.poster-host to idle
    t =   201.45s Swipe up "poster-wall" CollectionView
    t =   201.45s     Wait for com.oneplayer.poster-host to idle
    t =   201.46s     Find the "poster-wall" CollectionView
    t =   201.53s     Check for interrupting elements affecting "poster-wall" CollectionView
    t =   201.56s     Synthesize event
    t =   202.03s     Wait for com.oneplayer.poster-host to idle
    t =   204.11s Swipe up "poster-wall" CollectionView
    t =   204.11s     Wait for com.oneplayer.poster-host to idle
    t =   204.11s     Find the "poster-wall" CollectionView
    t =   204.17s     Check for interrupting elements affecting "poster-wall" CollectionView
    t =   204.24s     Synthesize event
    t =   204.75s     Wait for com.oneplayer.poster-host to idle
    t =   206.83s Swipe up "poster-wall" CollectionView
    t =   206.83s     Wait for com.oneplayer.poster-host to idle
    t =   206.83s     Find the "poster-wall" CollectionView
    t =   206.86s     Check for interrupting elements affecting "poster-wall" CollectionView
    t =   206.90s     Synthesize event
    t =   207.35s     Wait for com.oneplayer.poster-host to idle
    t =   209.43s Swipe up "poster-wall" CollectionView
    t =   209.43s     Wait for com.oneplayer.poster-host to idle
    t =   209.44s     Find the "poster-wall" CollectionView
    t =   209.47s     Check for interrupting elements affecting "poster-wall" CollectionView
    t =   209.51s     Synthesize event
    t =   209.95s     Wait for com.oneplayer.poster-host to idle
    t =   212.02s Swipe up "poster-wall" CollectionView
    t =   212.02s     Wait for com.oneplayer.poster-host to idle
    t =   212.03s     Find the "poster-wall" CollectionView
    t =   212.06s     Check for interrupting elements affecting "poster-wall" CollectionView
    t =   212.10s     Synthesize event
    t =   212.57s     Wait for com.oneplayer.poster-host to idle
    t =   214.64s Find the Cell (Element at index 0)
    t =   214.68s Tap Cell (Element at index 4)
    t =   214.68s     Wait for com.oneplayer.poster-host to idle
    t =   214.68s     Find the Cell (Element at index 4)
    t =   214.73s     Check for interrupting elements affecting "Movie 76" Cell
    t =   214.77s     Synthesize event
    t =   215.09s     Wait for com.oneplayer.poster-host to idle
    t =   215.51s Waiting 5.0s for "Fixture Detail" NavigationBar to exist
    t =   216.54s     Checking `Expect predicate `existsNoRetry == 1` for object "Fixture Detail" NavigationBar`
    t =   216.54s         Checking existence of `"Fixture Detail" NavigationBar`
    t =   216.58s Find the "return-status" StaticText
    t =   216.60s Tap Button (Element at index 0)
    t =   216.60s     Wait for com.oneplayer.poster-host to idle
    t =   216.61s     Find the Button (Element at index 0)
    t =   216.65s     Check for interrupting elements affecting "Fixture Results" Button
    t =   216.72s     Synthesize event
    t =   217.04s     Wait for com.oneplayer.poster-host to idle
    t =   217.40s Waiting 5.0s for "Fixture Results" NavigationBar to exist
    t =   218.42s     Checking `Expect predicate `existsNoRetry == 1` for object "Fixture Results" NavigationBar`
    t =   218.42s         Checking existence of `"Fixture Results" NavigationBar`
    t =   218.49s Find the "return-status" StaticText
    t =   218.53s Find the Cell (Element at index 0)
    t =   218.60s Terminate com.oneplayer.poster-host:46407
    t =   219.61s Tear Down
Test Case '-[PosterMotionUITests.PosterMotionUITests testP4MediaPersonFilterAndSearchLeavesDeepReturnKeepOriginalOwners]' passed (219.678 seconds).
Test Case '-[PosterMotionUITests.PosterMotionUITests testProductionFavoritesPreviewPersonAndMoreDestinations]' started.
    t =     0.00s Start Test at 2026-10-08 08:56:49.119
    t =     0.07s Set Up
    t =     0.07s Open com.oneplayer.poster-host
    t =     0.07s     Launch com.oneplayer.poster-host
    t =     2.28s         Setting up automation session
    t =     3.64s         Wait for com.oneplayer.poster-host to idle
    t =     5.50s Waiting 10.0s for "poster-sections" CollectionView to exist
    t =     6.53s     Checking `Expect predicate `existsNoRetry == 1` for object "poster-sections" CollectionView`
    t =     6.53s         Checking existence of `"poster-sections" CollectionView`
    t =     6.67s Checking existence of `"电影" StaticText`
    t =     6.73s Tap Cell (Element at index 1)
    t =     6.73s     Wait for com.oneplayer.poster-host to idle
    t =     6.74s     Find the Cell (Element at index 1)
    t =     6.84s     Check for interrupting elements affecting "Movie 1" Cell
    t =     6.89s     Synthesize event
    t =     7.22s     Wait for com.oneplayer.poster-host to idle
    t =     7.65s Waiting 5.0s for "Fixture Detail" NavigationBar to exist
    t =     8.68s     Checking `Expect predicate `existsNoRetry == 1` for object "Fixture Detail" NavigationBar`
    t =     8.68s         Checking existence of `"Fixture Detail" NavigationBar`
    t =     8.71s Tap Button (Element at index 0)
    t =     8.71s     Wait for com.oneplayer.poster-host to idle
    t =     8.72s     Find the Button (Element at index 0)
    t =     8.73s     Check for interrupting elements affecting "Back" Button
    t =     8.76s     Synthesize event
    t =     9.07s     Wait for com.oneplayer.poster-host to idle
    t =     9.42s Waiting 5.0s for "收藏" StaticText to exist
    t =    10.46s     Checking `Expect predicate `existsNoRetry == 1` for object "收藏" StaticText`
    t =    10.46s         Checking existence of `"收藏" StaticText`
    t =    10.50s Tap "更多" Button
    t =    10.50s     Wait for com.oneplayer.poster-host to idle
    t =    10.51s     Find the "更多" Button
    t =    10.55s     Check for interrupting elements affecting "更多" Button
    t =    10.59s     Synthesize event
    t =    11.00s     Wait for com.oneplayer.poster-host to idle
    t =    11.31s Waiting 5.0s for "poster-wall" CollectionView to exist
    t =    12.36s     Checking `Expect predicate `existsNoRetry == 1` for object "poster-wall" CollectionView`
    t =    12.36s         Checking existence of `"poster-wall" CollectionView`
    t =    12.42s Checking existence of `"电影" NavigationBar`
    t =    12.47s Tap Button (Element at index 0)
    t =    12.47s     Wait for com.oneplayer.poster-host to idle
    t =    12.47s     Find the Button (Element at index 0)
    t =    12.51s     Check for interrupting elements affecting "Back" Button
    t =    12.55s     Synthesize event
    t =    12.85s     Wait for com.oneplayer.poster-host to idle
    t =    13.21s Swipe up "poster-sections" CollectionView
    t =    13.21s     Wait for com.oneplayer.poster-host to idle
    t =    13.23s     Find the "poster-sections" CollectionView
    t =    13.53s     Check for interrupting elements affecting "poster-sections" CollectionView
    t =    13.58s     Synthesize event
    t =    14.05s     Wait for com.oneplayer.poster-host to idle
    t =    16.13s Swipe up "poster-sections" CollectionView
    t =    16.13s     Wait for com.oneplayer.poster-host to idle
    t =    16.14s     Find the "poster-sections" CollectionView
    t =    16.20s     Check for interrupting elements affecting "poster-sections" CollectionView
    t =    16.26s     Synthesize event
    t =    16.73s     Wait for com.oneplayer.poster-host to idle
    t =    17.28s Swipe up "poster-sections" CollectionView
    t =    17.28s     Wait for com.oneplayer.poster-host to idle
    t =    17.28s     Find the "poster-sections" CollectionView
    t =    17.32s     Check for interrupting elements affecting "poster-sections" CollectionView
    t =    17.36s     Synthesize event
    t =    17.80s     Wait for com.oneplayer.poster-host to idle
    t =    18.28s Waiting 5.0s for Cell (First Match) to exist
    t =    19.29s     Checking `Expect predicate `existsNoRetry == 1` for object Cell (First Match)`
    t =    19.29s         Checking existence of `Cell (First Match)`
    t =    19.56s Tap Cell (First Match)
    t =    19.56s     Wait for com.oneplayer.poster-host to idle
    t =    19.57s     Find the Cell (First Match)
    t =    19.70s     Check for interrupting elements affecting "Person 0" Cell
    t =    19.74s     Synthesize event
    t =    20.06s     Wait for com.oneplayer.poster-host to idle
    t =    20.45s Waiting 5.0s for "poster-wall" CollectionView to exist
    t =    21.49s     Checking `Expect predicate `existsNoRetry == 1` for object "poster-wall" CollectionView`
    t =    21.50s         Checking existence of `"poster-wall" CollectionView`
    t =    21.56s Checking existence of `NavigationBar (First Match)`
    t =    21.58s Terminate com.oneplayer.poster-host:48107
    t =    22.62s Tear Down
Test Case '-[PosterMotionUITests.PosterMotionUITests testProductionFavoritesPreviewPersonAndMoreDestinations]' passed (22.777 seconds).
Test Case '-[PosterMotionUITests.PosterMotionUITests testProductionLibraryDeepNativePushPopRetainsPositionAndFrontier]' started.
    t =     0.00s Start Test at 2026-10-08 08:57:11.897
    t =     0.05s Set Up
    t =     0.05s Open com.oneplayer.poster-host
    t =     0.05s     Launch com.oneplayer.poster-host
    t =     1.81s         Setting up automation session
    t =     3.37s         Wait for com.oneplayer.poster-host to idle
    t =     5.23s Waiting 10.0s for CollectionView (First Match) to exist
    t =     6.29s     Checking `Expect predicate `existsNoRetry == 1` for object CollectionView (First Match)`
    t =     6.29s         Checking existence of `CollectionView (First Match)`
    t =     6.41s Swipe up CollectionView (First Match)
    t =     6.41s     Wait for com.oneplayer.poster-host to idle
    t =     6.42s     Find the CollectionView (First Match)
    t =     6.48s     Check for interrupting elements affecting "poster-wall" CollectionView
    t =     6.53s     Synthesize event
    t =     6.99s     Wait for com.oneplayer.poster-host to idle
    t =     9.07s Swipe up "poster-wall" CollectionView
    t =     9.07s     Wait for com.oneplayer.poster-host to idle
    t =     9.07s     Find the "poster-wall" CollectionView
    t =     9.15s     Check for interrupting elements affecting "poster-wall" CollectionView
    t =     9.19s     Synthesize event
    t =     9.64s     Wait for com.oneplayer.poster-host to idle
    t =    11.70s Swipe up "poster-wall" CollectionView
    t =    11.70s     Wait for com.oneplayer.poster-host to idle
    t =    11.71s     Find the "poster-wall" CollectionView
    t =    11.77s     Check for interrupting elements affecting "poster-wall" CollectionView
    t =    11.82s     Synthesize event
    t =    12.29s     Wait for com.oneplayer.poster-host to idle
    t =    14.37s Swipe up "poster-wall" CollectionView
    t =    14.37s     Wait for com.oneplayer.poster-host to idle
    t =    14.37s     Find the "poster-wall" CollectionView
    t =    14.44s     Check for interrupting elements affecting "poster-wall" CollectionView
    t =    14.49s     Synthesize event
    t =    14.98s     Wait for com.oneplayer.poster-host to idle
    t =    17.07s Swipe up "poster-wall" CollectionView
    t =    17.07s     Wait for com.oneplayer.poster-host to idle
    t =    17.07s     Find the "poster-wall" CollectionView
    t =    17.14s     Check for interrupting elements affecting "poster-wall" CollectionView
    t =    17.23s     Synthesize event
    t =    17.70s     Wait for com.oneplayer.poster-host to idle
    t =    19.77s Swipe up "poster-wall" CollectionView
    t =    19.77s     Wait for com.oneplayer.poster-host to idle
    t =    19.77s     Find the "poster-wall" CollectionView
    t =    19.84s     Check for interrupting elements affecting "poster-wall" CollectionView
    t =    19.90s     Synthesize event
    t =    20.36s     Wait for com.oneplayer.poster-host to idle
    t =    22.43s Swipe up "poster-wall" CollectionView
    t =    22.43s     Wait for com.oneplayer.poster-host to idle
    t =    22.44s     Find the "poster-wall" CollectionView
    t =    22.56s     Check for interrupting elements affecting "poster-wall" CollectionView
    t =    22.65s     Synthesize event
    t =    23.14s     Wait for com.oneplayer.poster-host to idle
    t =    25.22s Swipe up "poster-wall" CollectionView
    t =    25.22s     Wait for com.oneplayer.poster-host to idle
    t =    25.22s     Find the "poster-wall" CollectionView
    t =    25.30s     Check for interrupting elements affecting "poster-wall" CollectionView
    t =    25.36s     Synthesize event
    t =    25.87s     Wait for com.oneplayer.poster-host to idle
    t =    27.93s Swipe up "poster-wall" CollectionView
    t =    27.93s     Wait for com.oneplayer.poster-host to idle
    t =    27.94s     Find the "poster-wall" CollectionView
    t =    27.99s     Check for interrupting elements affecting "poster-wall" CollectionView
    t =    28.05s     Synthesize event
    t =    28.50s     Wait for com.oneplayer.poster-host to idle
    t =    30.57s Swipe up "poster-wall" CollectionView
    t =    30.57s     Wait for com.oneplayer.poster-host to idle
    t =    30.58s     Find the "poster-wall" CollectionView
    t =    30.66s     Check for interrupting elements affecting "poster-wall" CollectionView
    t =    30.75s     Synthesize event
    t =    31.24s     Wait for com.oneplayer.poster-host to idle
    t =    33.32s Swipe up "poster-wall" CollectionView
    t =    33.32s     Wait for com.oneplayer.poster-host to idle
    t =    33.33s     Find the "poster-wall" CollectionView
    t =    33.43s     Check for interrupting elements affecting "poster-wall" CollectionView
    t =    33.57s     Synthesize event
    t =    34.10s     Wait for com.oneplayer.poster-host to idle
    t =    36.19s Swipe up "poster-wall" CollectionView
    t =    36.19s     Wait for com.oneplayer.poster-host to idle
    t =    36.19s     Find the "poster-wall" CollectionView
    t =    36.29s     Check for interrupting elements affecting "poster-wall" CollectionView
    t =    36.34s     Synthesize event
    t =    36.80s     Wait for com.oneplayer.poster-host to idle
    t =    38.88s Swipe up "poster-wall" CollectionView
    t =    38.88s     Wait for com.oneplayer.poster-host to idle
    t =    38.89s     Find the "poster-wall" CollectionView
    t =    38.95s     Check for interrupting elements affecting "poster-wall" CollectionView
    t =    39.00s     Synthesize event
    t =    39.46s     Wait for com.oneplayer.poster-host to idle
    t =    41.53s Swipe up "poster-wall" CollectionView
    t =    41.53s     Wait for com.oneplayer.poster-host to idle
    t =    41.54s     Find the "poster-wall" CollectionView
    t =    41.61s     Check for interrupting elements affecting "poster-wall" CollectionView
    t =    41.66s     Synthesize event
    t =    42.17s     Wait for com.oneplayer.poster-host to idle
    t =    44.24s Swipe up "poster-wall" CollectionView
    t =    44.24s     Wait for com.oneplayer.poster-host to idle
    t =    44.24s     Find the "poster-wall" CollectionView
    t =    44.29s     Check for interrupting elements affecting "poster-wall" CollectionView
    t =    44.34s     Synthesize event
    t =    44.79s     Wait for com.oneplayer.poster-host to idle
    t =    46.87s Swipe up "poster-wall" CollectionView
    t =    46.87s     Wait for com.oneplayer.poster-host to idle
    t =    46.87s     Find the "poster-wall" CollectionView
    t =    46.95s     Check for interrupting elements affecting "poster-wall" CollectionView
    t =    47.01s     Synthesize event
    t =    47.48s     Wait for com.oneplayer.poster-host to idle
    t =    49.55s Find the Cell (Element at index 0)
    t =    49.63s Tap Cell (Element at index 4)
    t =    49.63s     Wait for com.oneplayer.poster-host to idle
    t =    49.64s     Find the Cell (Element at index 4)
    t =    49.74s     Check for interrupting elements affecting "Movie 148" Cell
    t =    49.77s     Synthesize event
    t =    50.10s     Wait for com.oneplayer.poster-host to idle
    t =    50.48s Waiting 5.0s for "Fixture Detail" NavigationBar to exist
    t =    51.50s     Checking `Expect predicate `existsNoRetry == 1` for object "Fixture Detail" NavigationBar`
    t =    51.50s         Checking existence of `"Fixture Detail" NavigationBar`
    t =    51.56s Find the "return-status" StaticText
    t =    52.05s Tap Button (Element at index 0)
    t =    52.05s     Wait for com.oneplayer.poster-host to idle
    t =    52.06s     Find the Button (Element at index 0)
    t =    52.09s     Check for interrupting elements affecting "Fixture Library" Button
    t =    52.14s     Synthesize event
    t =    52.45s     Wait for com.oneplayer.poster-host to idle
    t =    52.81s Waiting 5.0s for "Fixture Library" NavigationBar to exist
    t =    53.83s     Checking `Expect predicate `existsNoRetry == 1` for object "Fixture Library" NavigationBar`
    t =    53.83s         Checking existence of `"Fixture Library" NavigationBar`
    t =    53.92s Find the "return-status" StaticText
    t =    54.04s Find the Cell (Element at index 0)
    t =    54.28s Terminate com.oneplayer.poster-host:49033
    t =    55.31s Tear Down
Test Case '-[PosterMotionUITests.PosterMotionUITests testProductionLibraryDeepNativePushPopRetainsPositionAndFrontier]' passed (55.672 seconds).
Test Case '-[PosterMotionUITests.PosterMotionUITests testRealNativeDecelerationAcceptsDelayedMetadataAppendWithoutOffsetJump]' started.
    t =     0.00s Start Test at 2026-10-08 08:58:07.570
    t =     0.05s Set Up
    t =     0.05s Open com.oneplayer.poster-host
    t =     0.05s     Launch com.oneplayer.poster-host
    t =     1.24s         Setting up automation session
    t =     2.23s         Wait for com.oneplayer.poster-host to idle
    t =     3.41s Waiting 10.0s for "poster-wall" CollectionView to exist
    t =     4.42s     Checking `Expect predicate `existsNoRetry == 1` for object "poster-wall" CollectionView`
    t =     4.42s         Checking existence of `"poster-wall" CollectionView`
    t =     4.46s Swipe up "poster-wall" CollectionView
    t =     4.46s     Wait for com.oneplayer.poster-host to idle
    t =     4.47s     Find the "poster-wall" CollectionView
    t =     4.50s     Check for interrupting elements affecting "poster-wall" CollectionView
    t =     4.53s     Synthesize event
    t =     4.95s     Wait for com.oneplayer.poster-host to idle
    t =     7.02s Find the "motion-status" StaticText
    t =     7.09s Terminate com.oneplayer.poster-host:50906
    t =     8.09s Tear Down
Test Case '-[PosterMotionUITests.PosterMotionUITests testRealNativeDecelerationAcceptsDelayedMetadataAppendWithoutOffsetJump]' passed (8.107 seconds).
Test Case '-[PosterMotionUITests.PosterMotionUITests testSearchLandingHistoryClearToggleAndKeyboardDockContract]' started.
    t =     0.00s Start Test at 2026-10-08 08:58:15.678
    t =     0.04s Set Up
    t =     0.04s Open com.oneplayer.poster-host
    t =     0.04s     Launch com.oneplayer.poster-host
    t =     0.29s         Setting up automation session
    t =     1.53s         Wait for com.oneplayer.poster-host to idle
    t =     3.18s Waiting 10.0s for "poster-history" CollectionView to exist
    t =     4.21s     Checking `Expect predicate `existsNoRetry == 1` for object "poster-history" CollectionView`
    t =     4.22s         Checking existence of `"poster-history" CollectionView`
    t =     4.33s Find the "首页" Button
    t =     4.38s Tap "搜索" TextField
    t =     4.38s     Wait for com.oneplayer.poster-host to idle
    t =     4.39s     Find the "搜索" TextField
    t =     4.44s     Check for interrupting elements affecting "搜索" TextField
    t =     4.47s     Synthesize event
    t =     4.79s     Wait for com.oneplayer.poster-host to idle
    t =     5.56s Waiting 5.0s for Keyboard (First Match) to exist
    t =     6.63s     Checking `Expect predicate `existsNoRetry == 1` for object Keyboard (First Match)`
    t =     6.63s         Checking existence of `Keyboard (First Match)`
    t =     8.97s Find the "首页" Button
    t =     9.30s Tap "History fixture" Cell
    t =     9.30s     Wait for com.oneplayer.poster-host to idle
    t =     9.30s     Find the "History fixture" Cell
    t =     9.46s     Check for interrupting elements affecting "History fixture" Cell
    t =     9.58s     Synthesize event
    t =    10.01s     Wait for com.oneplayer.poster-host to idle
    t =    10.57s Waiting 5.0s for "Fixture Server" NavigationBar to exist
    t =    11.58s     Checking `Expect predicate `existsNoRetry == 1` for object "Fixture Server" NavigationBar`
    t =    11.58s         Checking existence of `"Fixture Server" NavigationBar`
    t =    11.69s Tap Button (Element at index 0)
    t =    11.69s     Wait for com.oneplayer.poster-host to idle
    t =    11.70s     Find the Button (Element at index 0)
    t =    11.88s     Check for interrupting elements affecting "Back" Button
    t =    12.00s     Synthesize event
    t =    12.36s     Wait for com.oneplayer.poster-host to idle
    t =    12.71s Waiting 5.0s for "清除搜索历史" Button to exist
    t =    13.75s     Checking `Expect predicate `existsNoRetry == 1` for object "清除搜索历史" Button`
    t =    13.75s         Checking existence of `"清除搜索历史" Button`
    t =    13.90s Tap "清除搜索历史" Button
    t =    13.90s     Wait for com.oneplayer.poster-host to idle
    t =    13.90s     Find the "清除搜索历史" Button
    t =    14.06s     Check for interrupting elements affecting "清除搜索历史" Button
    t =    14.20s     Synthesize event
    t =    14.55s     Wait for com.oneplayer.poster-host to idle
    t =    14.71s Waiting 5.0s for "清除搜索历史" Alert to exist
    t =    15.81s     Checking `Expect predicate `existsNoRetry == 1` for object "清除搜索历史" Alert`
    t =    15.81s         Checking existence of `"清除搜索历史" Alert`
    t =    16.29s Tap "全部清除" Button
    t =    16.29s     Wait for com.oneplayer.poster-host to idle
    t =    16.30s     Find the "全部清除" Button
    t =    16.47s     Check for interrupting elements affecting "全部清除" Button
    t =    16.65s     Synthesize event
    t =    17.00s     Wait for com.oneplayer.poster-host to idle
    t =    17.28s Checking existence of `"搜索历史" StaticText`
    t =    17.56s Checking existence of `"推荐观看" StaticText`
    t =    17.71s Tap "搜索设置" Button
    t =    17.72s     Wait for com.oneplayer.poster-host to idle
    t =    17.72s     Find the "搜索设置" Button
    t =    18.27s     Check for interrupting elements affecting "搜索设置" Button
    t =    18.42s     Synthesize event
    t =    18.74s     Wait for com.oneplayer.poster-host to idle
    t =    18.80s Tap "显示推荐观看" Button
    t =    18.80s     Wait for com.oneplayer.poster-host to idle
    t =    18.81s     Find the "显示推荐观看" Button
    t =    19.08s     Check for interrupting elements affecting "checkmark" Button
    t =    19.16s     Synthesize event
    t =    19.47s     Wait for com.oneplayer.poster-host to idle
    t =    19.48s Checking existence of `"推荐观看" StaticText`
    t =    19.56s Tap "搜索设置" Button
    t =    19.56s     Wait for com.oneplayer.poster-host to idle
    t =    19.57s     Find the "搜索设置" Button
    t =    19.64s     Check for interrupting elements affecting "搜索设置" Button
    t =    19.75s     Synthesize event
    t =    19.76s         Scroll element to visible
    t =    19.76s         Find the "搜索设置" Button
    t =    19.94s         Computed hit point {31.62500006146729, 192.00000006146729} after scrolling to visible
    t =    20.26s     Wait for com.oneplayer.poster-host to idle
    t =    20.26s Tap "显示推荐观看" Button
    t =    20.26s     Wait for com.oneplayer.poster-host to idle
    t =    20.28s     Find the "显示推荐观看" Button
    t =    20.45s     Check for interrupting elements affecting "显示推荐观看" Button
    t =    20.67s     Synthesize event
    t =    21.02s     Wait for com.oneplayer.poster-host to idle
    t =    21.03s Waiting 5.0s for "推荐观看" StaticText to exist
    t =    22.07s     Checking `Expect predicate `existsNoRetry == 1` for object "推荐观看" StaticText`
    t =    22.07s         Checking existence of `"推荐观看" StaticText`
    t =    22.15s Terminate com.oneplayer.poster-host:51454
    t =    23.25s Tear Down
Test Case '-[PosterMotionUITests.PosterMotionUITests testSearchLandingHistoryClearToggleAndKeyboardDockContract]' passed (23.298 seconds).
Test Case '-[PosterMotionUITests.PosterMotionUITests testSearchLandingNativeRecommendationsAppendAndDeepDetailReturn]' started.
    t =     0.00s Start Test at 2026-10-08 08:58:38.976
    t =     0.05s Set Up
    t =     0.05s Open com.oneplayer.poster-host
    t =     0.05s     Launch com.oneplayer.poster-host
    t =     0.88s         Setting up automation session
    t =     2.66s         Wait for com.oneplayer.poster-host to idle
    t =     4.20s Waiting 10.0s for "poster-wall" CollectionView to exist
    t =     5.25s     Checking `Expect predicate `existsNoRetry == 1` for object "poster-wall" CollectionView`
    t =     5.25s         Checking existence of `"poster-wall" CollectionView`
    t =     5.40s Checking existence of `"推荐观看" StaticText`
    t =     5.43s Get number of matches for: Elements matching predicate '"poster-wall" IN identifiers'
    t =     5.48s Swipe up "poster-wall" CollectionView
    t =     5.48s     Wait for com.oneplayer.poster-host to idle
    t =     5.49s     Find the "poster-wall" CollectionView
    t =     5.53s     Check for interrupting elements affecting "poster-wall" CollectionView
    t =     5.58s     Synthesize event
    t =     6.05s     Wait for com.oneplayer.poster-host to idle
    t =     8.13s Swipe up "poster-wall" CollectionView
    t =     8.13s     Wait for com.oneplayer.poster-host to idle
    t =     8.13s     Find the "poster-wall" CollectionView
    t =     8.21s     Check for interrupting elements affecting "poster-wall" CollectionView
    t =     8.25s     Synthesize event
    t =     8.73s     Wait for com.oneplayer.poster-host to idle
    t =    10.81s Swipe up "poster-wall" CollectionView
    t =    10.81s     Wait for com.oneplayer.poster-host to idle
    t =    10.81s     Find the "poster-wall" CollectionView
    t =    10.86s     Check for interrupting elements affecting "poster-wall" CollectionView
    t =    10.91s     Synthesize event
    t =    11.37s     Wait for com.oneplayer.poster-host to idle
    t =    13.44s Swipe up "poster-wall" CollectionView
    t =    13.44s     Wait for com.oneplayer.poster-host to idle
    t =    13.44s     Find the "poster-wall" CollectionView
    t =    13.50s     Check for interrupting elements affecting "poster-wall" CollectionView
    t =    13.53s     Synthesize event
    t =    14.01s     Wait for com.oneplayer.poster-host to idle
    t =    16.10s Swipe up "poster-wall" CollectionView
    t =    16.10s     Wait for com.oneplayer.poster-host to idle
    t =    16.10s     Find the "poster-wall" CollectionView
    t =    16.17s     Check for interrupting elements affecting "poster-wall" CollectionView
    t =    16.24s     Synthesize event
    t =    16.73s     Wait for com.oneplayer.poster-host to idle
    t =    18.83s Swipe up "poster-wall" CollectionView
    t =    18.83s     Wait for com.oneplayer.poster-host to idle
    t =    18.84s     Find the "poster-wall" CollectionView
    t =    18.91s     Check for interrupting elements affecting "poster-wall" CollectionView
    t =    18.98s     Synthesize event
    t =    19.52s     Wait for com.oneplayer.poster-host to idle
    t =    21.63s Swipe up "poster-wall" CollectionView
    t =    21.63s     Wait for com.oneplayer.poster-host to idle
    t =    21.64s     Find the "poster-wall" CollectionView
    t =    21.85s     Check for interrupting elements affecting "poster-wall" CollectionView
    t =    21.95s     Synthesize event
    t =    22.50s     Wait for com.oneplayer.poster-host to idle
    t =    24.58s Swipe up "poster-wall" CollectionView
    t =    24.58s     Wait for com.oneplayer.poster-host to idle
    t =    24.59s     Find the "poster-wall" CollectionView
    t =    24.65s     Check for interrupting elements affecting "poster-wall" CollectionView
    t =    24.71s     Synthesize event
    t =    25.18s     Wait for com.oneplayer.poster-host to idle
    t =    27.26s Swipe up "poster-wall" CollectionView
    t =    27.26s     Wait for com.oneplayer.poster-host to idle
    t =    27.26s     Find the "poster-wall" CollectionView
    t =    27.31s     Check for interrupting elements affecting "poster-wall" CollectionView
    t =    27.37s     Synthesize event
    t =    27.86s     Wait for com.oneplayer.poster-host to idle
    t =    29.95s Find the Cell (Element at index 0)
    t =    29.99s Tap Cell (Element at index 4)
    t =    29.99s     Wait for com.oneplayer.poster-host to idle
    t =    30.00s     Find the Cell (Element at index 4)
    t =    30.04s     Check for interrupting elements affecting "Recommendation 82" Cell
    t =    30.10s     Synthesize event
    t =    30.43s     Wait for com.oneplayer.poster-host to idle
    t =    30.87s Waiting 5.0s for "Fixture Detail" NavigationBar to exist
    t =    31.87s     Checking `Expect predicate `existsNoRetry == 1` for object "Fixture Detail" NavigationBar`
    t =    31.88s         Checking existence of `"Fixture Detail" NavigationBar`
    t =    31.92s Find the "search-status" StaticText
    t =    31.96s Tap Button (Element at index 0)
    t =    31.96s     Wait for com.oneplayer.poster-host to idle
    t =    31.97s     Find the Button (Element at index 0)
    t =    31.99s     Check for interrupting elements affecting "Back" Button
    t =    32.02s     Synthesize event
    t =    32.33s     Wait for com.oneplayer.poster-host to idle
    t =    32.68s Waiting 5.0s for "搜索" TextField to exist
    t =    33.73s     Checking `Expect predicate `existsNoRetry == 1` for object "搜索" TextField`
    t =    33.73s         Checking existence of `"搜索" TextField`
    t =    33.79s Find the "search-status" StaticText
    t =    33.84s Find the Cell (Element at index 0)
    t =    33.89s Terminate com.oneplayer.poster-host:52008
    t =    34.96s Tear Down
Test Case '-[PosterMotionUITests.PosterMotionUITests testSearchLandingNativeRecommendationsAppendAndDeepDetailReturn]' passed (34.997 seconds).
Test Suite 'PosterMotionUITests' passed at 2026-10-08 08:59:13.975.
	 Executed 12 tests, with 0 failures (0 unexpected) in 743.968 (743.976) seconds
Test Suite 'PosterMotionUITests.xctest' passed at 2026-10-08 08:59:13.985.
	 Executed 12 tests, with 0 failures (0 unexpected) in 743.968 (743.987) seconds
Test Suite 'All tests' passed at 2026-10-08 08:59:13.985.
	 Executed 12 tests, with 0 failures (0 unexpected) in 743.968 (743.988) seconds
2026-10-08 08:59:15.831 xcodebuild[18764:58679] [MT] IDETestOperationsObserverDebug: 755.027 elapsed -- Testing started completed.
2026-10-08 08:59:15.832 xcodebuild[18764:58679] [MT] IDETestOperationsObserverDebug: 0.000 sec, +0.000 sec -- start
2026-10-08 08:59:15.832 xcodebuild[18764:58679] [MT] IDETestOperationsObserverDebug: 755.027 sec, +755.027 sec -- end

Test session results, code coverage, and logs:
	/Users/runner/Library/Developer/Xcode/DerivedData/PosterWallRegression-aoobtyzybpwyjvblexbylmbwiopz/Logs/Test/Test-PosterMotionUITests-2026.10.08_08-46-38-+0000.xcresult

** TEST SUCCEEDED **

Testing started
